titulo,subtitulo,fecha,url,audience,post_type,tipo_clasificado,metodo_extraccion_usado,body_text,body_length,transcript_text,transcript_length,transcript_source,combined_text,combined_length,media_upload_ids,duracion_media,estado_extraccion,notas
#Clase 32: El régimen fiscal que puede ahorrarte una hostia de impuestos al aportar tus inmuebles a una sociedad.,,2026-05-18T15:13:24.320Z,https://fiscalizarte.substack.com/p/clase-32-el-regimen-fiscal-que-puede,only_paid,podcast,video_o_podcast_principal_con_transcripcion_substack,body_html + videoUpload.extractedAudio.transcription,,0,,0,substack_video,,0,34b7f898-a9c1-4d94-bf8d-65f5c1ac418e | 3f366370-2dd9-4775-af7e-5940812f1b5b,1286.9 | 1286.7657,PENDIENTE,Preparado para extracción final
La villa en Lombok que parecía una gran inversión… hasta que apareció Hacienda,¡La mejor Newsletter sobre Fiscalidad e Inversión Inmobiliaria!,2026-05-18T06:32:25.249Z,https://fiscalizarte.substack.com/p/la-villa-en-lombok-que-parecia-una,everyone,newsletter,texto_normal,body_html,,0,,0,none,,0,,,PENDIENTE,Preparado para extracción final
El error fiscal que veo en el 95% de inversores inmobiliarios.,¡La mejor Newsletter sobre Fiscalidad e Inversión Inmobiliaria!,2026-05-11T07:54:59.231Z,https://fiscalizarte.substack.com/p/el-error-fiscal-que-veo-en-el-95,everyone,newsletter,texto_normal,body_html,,0,,0,none,,0,,,PENDIENTE,Preparado para extracción final
Tu gestor puede estar metiéndote en un problema fiscal sin que te enteres. ,Caso real de un inversor cercano a mí.,2026-05-09T08:00:47.892Z,https://fiscalizarte.substack.com/p/tu-gestor-puede-estar-metiendote,everyone,newsletter,texto_normal,body_html,,0,,0,none,,0,,,PENDIENTE,Preparado para extracción final
#Clase 31: Cómo leer la contabilidad básica de una sociedad de capital aunque no seas contable.,Lo que gran parte de gestores a los que estás pagando desconocen.,2026-05-04T06:10:29.531Z,https://fiscalizarte.substack.com/p/clase-31-como-leer-la-contabilidad,only_paid,podcast,video_o_podcast_principal_con_transcripcion_substack,body_html + videoUpload.extractedAudio.transcription,,0,,0,substack_video,,0,b99ddd88-9f9d-49c8-af20-16e937e5da89 | 11540fbc-1d31-489d-ba11-792e96b71998,4094.8 | 4094.6677,PENDIENTE,Preparado para extracción final
#Clase 30: Clase BOMBA: así realizo una auditoría fiscal-patrimonial de un inversor de mi comunidad.,Con una cartera de inmuebles valorada en 398.000 euros... ¿Sigue cómo persona física o constituye una patrimonial?.,2026-04-29T11:09:59.625Z,https://fiscalizarte.substack.com/p/clase-30-clase-bomba-asi-realizo,only_paid,podcast,video_o_podcast_principal_con_transcripcion_substack,body_html + videoUpload.extractedAudio.transcription,,0,,0,substack_video,,0,50750d14-6765-482d-adc7-07fa334e1f3b | bc08e549-1f62-48de-95cb-ca3be1b0e529,2688.6333 | 2688.444,PENDIENTE,Preparado para extracción final
"¿Sociedad limitada para hacer flipping?
No siempre. Y ese es justo el error que comete mucha gente",¡La mejor Newsletter sobre Fiscalidad e Inversión Inmobiliaria!,2026-04-19T08:50:23.190Z,https://fiscalizarte.substack.com/p/sociedad-limitada-para-hacer-flipping,everyone,newsletter,texto_normal,body_html,,0,,0,none,,0,,,PENDIENTE,Preparado para extracción final
Le he ahorrado a un inversor 1.200€ en su declaración de la renta.,¡La mejor Newsletter sobre Fiscalidad e Inversión Inmobiliaria!,2026-04-16T08:53:33.036Z,https://fiscalizarte.substack.com/p/le-he-ahorrado-a-un-inversor-1200,everyone,newsletter,texto_normal,body_html,,0,,0,none,,0,,,PENDIENTE,Preparado para extracción final
Así le he ahorrado 2.200€ a un inversor que estaba declarando mal sus inmuebles..,¡La mejor Newsletter sobre Fiscalidad e Inversión Inmobiliaria!,2026-04-09T14:52:54.065Z,https://fiscalizarte.substack.com/p/asi-le-he-ahorrado-2200-a-un-inversor,everyone,newsletter,texto_normal,body_html,,0,,0,none,,0,,,PENDIENTE,Preparado para extracción final
#Clase 29: Esta clase 29 de Fiscalizarte no es una clase cualquiera...,75 minutos que pueden cambiar cómo entiendes tu sociedad.,2026-04-06T07:39:53.161Z,https://fiscalizarte.substack.com/p/clase-29-esta-clase-29-de-fiscalizarte,only_paid,podcast,video_o_podcast_principal_con_transcripcion_substack,body_html + videoUpload.extractedAudio.transcription,,0,,0,substack_video,,0,e3be5315-8f26-49fc-a632-91ae815c5389 | e4bc1018-a0e1-4d7c-9eac-ad2ba44288d3,4599.825 | 4599.7974,PENDIENTE,Preparado para extracción final
Estar autorizado en una cuenta no significa que el dinero sea tuyo,¡La mejor Newsletter sobre Fiscalidad e Inversión Inmobiliaria!,2026-04-01T07:20:42.080Z,https://fiscalizarte.substack.com/p/estar-autorizado-en-una-cuenta-no,only_paid,newsletter,texto_normal,body_html,,0,,0,none,,0,,,PENDIENTE,Preparado para extracción final
Clase 28 ya disponible: así se declara la venta de un inmueble en la renta.,Spoiler: tú gestor habitual PUEDE estar haciéndolo MAL.,2026-03-28T08:06:43.029Z,https://fiscalizarte.substack.com/p/clase-28-ya-disponible-asi-se-declara,only_paid,podcast,video_o_podcast_principal_con_transcripcion_substack,body_html + videoUpload.extractedAudio.transcription,,0,,0,substack_video,,0,c8061d65-d13c-4ec0-b127-1f3329f07d9a | d89d8dc7-b374-467c-8253-c769cb748fa9,2285 | 2284.9307,PENDIENTE,Preparado para extracción final
Error típico con socios o promotores extranjeros: pensar que su NIF de fuera basta en España,¡La mejor Newsletter sobre Fiscalidad e Inversión Inmobiliaria!,2026-03-25T09:13:40.520Z,https://fiscalizarte.substack.com/p/error-tipico-con-socios-o-promotores,only_paid,newsletter,texto_normal,body_html,,0,,0,none,,0,,,PENDIENTE,Preparado para extracción final
#Clase 27: Declara tus pisos por habitaciones de esta forma y ahorra impuestos.,,2026-03-20T17:17:55.328Z,https://fiscalizarte.substack.com/p/clase-27-declara-tus-pisos-por-habitaciones,only_paid,podcast,video_o_podcast_principal_con_transcripcion_substack,body_html + videoUpload.extractedAudio.transcription,,0,,0,substack_video,,0,d8b3fbc1-6b34-4d5f-911c-28cbd1a75571 | c53577b8-d5ec-44af-b221-b842009966ef,701.7 | 701.59674,PENDIENTE,Preparado para extracción final
El Supremo te da munición para blindar la reducción del 95% en donaciones,¡La mejor Newsletter sobre Fiscalidad e Inversión Inmobiliaria!,2026-03-18T10:30:37.956Z,https://fiscalizarte.substack.com/p/el-supremo-te-da-municion-para-blindar,only_paid,newsletter,texto_normal,body_html,,0,,0,none,,0,,,PENDIENTE,Preparado para extracción final
#Clase 5: Análisis real in situ de una operación de CDR con un 50% de rentabilidad..,,2026-03-14T07:45:35.741Z,https://fiscalizarte.substack.com/p/clase-5-analisis-real-in-situ-de,only_paid,podcast,video_o_podcast_principal_con_transcripcion_substack,body_html + videoUpload.extractedAudio.transcription,,0,,0,substack_video,,0,98f8c0c7-97c8-4b60-bc05-b9270bcac746 | a68866d7-5dbd-4a25-9aa7-d7b3dab04aa7,2213.6 | 2213.5117,PENDIENTE,Preparado para extracción final
“Somos 5 hermanos y ya no nos soportamos”: cómo separar la SL de alquiler SIN palo fiscal.,¡La mejor Newsletter sobre Fiscalidad e Inversión Inmobiliaria!,2026-03-11T08:44:37.433Z,https://fiscalizarte.substack.com/p/somos-5-hermanos-y-ya-no-nos-soportamos,only_paid,newsletter,texto_normal,body_html,,0,,0,none,,0,,,PENDIENTE,Preparado para extracción final
Préstamo participativo en inmobiliarias: el error que te puede costar el IS (DGT V2152-25),¡La mejor Newsletter sobre Fiscalidad e Inversión Inmobiliaria!,2026-03-04T08:40:02.502Z,https://fiscalizarte.substack.com/p/prestamo-participativo-en-inmobiliarias,only_paid,newsletter,texto_normal,body_html,,0,,0,none,,0,,,PENDIENTE,Preparado para extracción final
No residente + Patrimonio en España: el “límite del 60%” ya te protege (TEAC 27/01/2026),¡La mejor Newsletter sobre Fiscalidad e Inversión Inmobiliaria!,2026-02-25T08:31:12.816Z,https://fiscalizarte.substack.com/p/no-residente-patrimonio-en-espana,only_paid,newsletter,texto_normal,body_html,,0,,0,none,,0,,,PENDIENTE,Preparado para extracción final
Empresa inmobiliaria + empleado familiar: el TSJ de Cataluña frena el “no” automático de Hacienda,¡La mejor Newsletter sobre Fiscalidad e Inversión Inmobiliaria!,2026-02-18T08:12:22.770Z,https://fiscalizarte.substack.com/p/empresa-inmobiliaria-empleado-familiar,only_paid,newsletter,texto_normal,body_html,,0,,0,none,,0,,,PENDIENTE,Preparado para extracción final
El TC te lo deja claro: el “valor de referencia” no cae (y te toca jugar con sus reglas),¡La mejor Newsletter sobre Fiscalidad e Inversión Inmobiliaria!,2026-02-14T08:25:15.726Z,https://fiscalizarte.substack.com/p/el-tc-te-lo-deja-claro-el-valor-de,everyone,newsletter,texto_normal,body_html,,0,,0,none,,0,,,PENDIENTE,Preparado para extracción final
Madrid: ¿puedes aplicar el 4% de ITP si el 3º hijo está concebido pero no ha nacido?,¡La mejor Newsletter sobre Fiscalidad e Inversión Inmobiliaria!,2026-02-11T08:02:29.604Z,https://fiscalizarte.substack.com/p/madrid-puedes-aplicar-el-4-de-itp,only_paid,newsletter,texto_normal,body_html,,0,,0,none,,0,,,PENDIENTE,Preparado para extracción final
Tu gestor te puede costar 10.000€ en un flip (y ni se entera),¡La mejor Newsletter sobre Fiscalidad e Inversión Inmobiliaria!,2026-02-09T09:31:03.951Z,https://fiscalizarte.substack.com/p/tu-gestor-te-puede-costar-10000-en,everyone,newsletter,texto_normal,body_html,,0,,0,none,,0,,,PENDIENTE,Preparado para extracción final
ITP Madrid: puedes aplicar el 2% aunque tu CNAE “no sea inmobiliario”,¡La mejor Newsletter sobre Fiscalidad e Inversión Inmobiliaria!,2026-02-04T10:03:16.913Z,https://fiscalizarte.substack.com/p/itp-madrid-puedes-aplicar-el-2-aunque,only_paid,newsletter,texto_normal,body_html,,0,,0,none,,0,,,PENDIENTE,Preparado para extracción final
#Actualización 3: Reto 35.000€ — Del 12 al 23 de enero: el mercado pagó… y yo ya tengo el primer piso reservado,¡La mejor Newsletter sobre Fiscalidad e Inversión Inmobiliaria!,2026-01-25T08:36:57.546Z,https://fiscalizarte.substack.com/p/actualizacion-3-reto-35000-del-12,everyone,newsletter,texto_normal,body_html,,0,,0,none,,0,,,PENDIENTE,Preparado para extracción final
#Clase 26 — Alquiler con opción a compra (AOC): la estrategia “fácil” que Hacienda te puede romper.,,2026-01-24T09:25:31.575Z,https://fiscalizarte.substack.com/p/clase-26-alquiler-con-opcion-a-compra,only_paid,podcast,video_o_podcast_principal_con_transcripcion_substack,body_html + videoUpload.extractedAudio.transcription,,0,,0,substack_video,,0,bfd07ca5-482f-47ef-93c4-316c602c9119 | d362d813-43a8-4a37-a8c0-00b4578eb263,1397.8334 | 1397.7078,PENDIENTE,Preparado para extracción final
Cantabria revienta el “valor de referencia” cuando el inmueble está hecho polvo,¡La mejor Newsletter sobre Fiscalidad e Inversión Inmobiliaria!,2026-01-21T09:52:25.605Z,https://fiscalizarte.substack.com/p/cantabria-revienta-el-valor-de-referencia,only_paid,newsletter,texto_normal,body_html,,0,,0,none,,0,,,PENDIENTE,Preparado para extracción final
#Actualización 2: Reto 35.000€: el mercado me ha dado la razón (de momento),¡La mejor Newsletter sobre Fiscalidad e Inversión Inmobiliaria!,2026-01-21T07:57:52.436Z,https://fiscalizarte.substack.com/p/actualizacion-2-reto-35000-el-mercado,everyone,newsletter,texto_normal,body_html,,0,,0,none,,0,,,PENDIENTE,Preparado para extracción final
#Clase 25: 100% IRPF en alquiler: la letra pequeña que te interesa de verdad.,,2026-01-15T17:01:13.763Z,https://fiscalizarte.substack.com/p/clase-25-100-irpf-en-alquiler-la,only_paid,podcast,video_o_podcast_principal_con_transcripcion_substack,body_html + videoUpload.extractedAudio.transcription,,0,,0,substack_video,,0,cb45e346-05bf-4b76-92ac-0d59f5c35f9c | 8e232e53-9a70-4aa2-9e99-c7d7d53e3b55,921.76666 | 921.6261,PENDIENTE,Preparado para extracción final
Tú socio vive en Suecia y vais a liquidar: el detalle que decide si tributas en España.,¡La mejor Newsletter sobre Fiscalidad e Inversión Inmobiliaria!,2026-01-14T09:00:49.056Z,https://fiscalizarte.substack.com/p/tu-socio-vive-en-suecia-y-vais-a,only_paid,newsletter,texto_normal,body_html,,0,,0,none,,0,,,PENDIENTE,Preparado para extracción final
#Actualización 1: El reto de los 35.000€: primer movimiento (y el más importante),¡La mejor Newsletter sobre Fiscalidad e Inversión Inmobiliaria!,2026-01-12T07:31:58.266Z,https://fiscalizarte.substack.com/p/actualizacion-1-el-reto-de-los-35000,everyone,newsletter,texto_normal,body_html,,0,,0,none,,0,,,PENDIENTE,Preparado para extracción final
# Clase 4: Analizo una operación de NPL in situ y con documentación real.,Te enseño cómo decido si entro o paso (con documentación real).,2026-01-11T15:19:05.511Z,https://fiscalizarte.substack.com/p/clase-4-analizo-una-operacion-de,only_paid,podcast,video_o_podcast_principal_con_transcripcion_substack,body_html + videoUpload.extractedAudio.transcription,,0,,0,substack_video,,0,ef15a7df-2e82-42e0-9390-6877ba1578a3 | 30785a1b-39e4-4ec6-a729-8e1bb4fd440e,2178.7666 | 2178.6123,PENDIENTE,Preparado para extracción final
He sacado 35.000€ sin vender (y voy a enseñarte el recorrido),220€/mes y un reto: vamos a ver qué pasa!!!,2026-01-07T16:18:16.760Z,https://fiscalizarte.substack.com/p/he-sacado-35000-sin-vender-y-voy,everyone,newsletter,texto_normal,body_html,,0,,0,none,,0,,,PENDIENTE,Preparado para extracción final
Pagas el 100% de la hipoteca… pero Hacienda solo te deja deducir el 33%.,¡La mejor Newsletter sobre Fiscalidad e Inversión Inmobiliaria!,2026-01-07T08:47:54.863Z,https://fiscalizarte.substack.com/p/pagas-el-100-de-la-hipoteca-pero,only_paid,newsletter,texto_normal,body_html,,0,,0,none,,0,,,PENDIENTE,Preparado para extracción final
"🚨 #Clase 24: tres inversores, tres vidas… y una decisión que te puede ahorrar (o costar) mucho dinero",,2026-01-05T17:19:35.970Z,https://fiscalizarte.substack.com/p/clase-24-tres-inversores-tres-vidas,only_paid,podcast,video_o_podcast_principal_con_transcripcion_substack,body_html + videoUpload.extractedAudio.transcription,,0,,0,substack_video,,0,8499ff7a-aab1-4b1d-8d7a-b02b629d9eff | 9242ebf3-e62d-4583-9296-d9c97e5b4e88,2048.6333 | 2048.4963,PENDIENTE,Preparado para extracción final
Herencias y donaciones: el número que Hacienda ya tiene… y tú aún no,,2025-12-31T07:03:13.280Z,https://fiscalizarte.substack.com/p/herencias-y-donaciones-el-numero,only_paid,newsletter,texto_normal,body_html,,0,,0,none,,0,,,PENDIENTE,Preparado para extracción final
#CLASE 23: APLICA ESTA ESTRATEGIA DE INGENERIA FISCAL (Y AHORRA IMPUESTOS CON NÚMEROS REALES).,,2025-12-30T11:25:43.773Z,https://fiscalizarte.substack.com/p/clase-23-aplica-esta-estrategia-de,only_paid,podcast,video_o_podcast_principal_con_transcripcion_substack,body_html + videoUpload.extractedAudio.transcription,,0,,0,substack_video,,0,09aa374c-b946-4821-996e-a9d19680f0bf | baaaefb2-c120-4ae4-8ece-d4ec96188717,1587.5667 | 1587.4612,PENDIENTE,Preparado para extracción final
He cerrado el año con esta operación....,2026 será el año de este tipo de oportunidades.,2025-12-30T08:23:25.337Z,https://fiscalizarte.substack.com/p/he-cerrado-el-ano-con-esta-operacion,everyone,newsletter,texto_normal,body_html,,0,,0,none,,0,,,PENDIENTE,Preparado para extracción final
Salir de una SL tras una bronca: el error fiscal que te puede costar miles de euros.,¡La mejor Newsletter sobre Fiscalidad e Inversión Inmobiliaria!,2025-12-26T08:41:14.009Z,https://fiscalizarte.substack.com/p/salir-de-una-sl-tras-una-bronca-el,only_paid,newsletter,texto_normal,body_html,,0,,0,none,,0,,,PENDIENTE,Preparado para extracción final
Cómo arruinar tu nueva SL por culpa de la vieja (y de Hacienda)...,,2025-12-24T06:56:21.101Z,https://fiscalizarte.substack.com/p/como-arruinar-tu-nueva-sl-por-culpa,only_paid,newsletter,texto_normal,body_html,,0,,0,none,,0,,,PENDIENTE,Preparado para extracción final
#Clase 22: Planificación fiscal con JERO ´´Inversor de la Comunidad Fiscalizarte``,Jero tiene 9 pisos (1.760.000€). Y el “siguiente nivel” no es comprar el 10º.,2025-12-22T11:34:57.308Z,https://fiscalizarte.substack.com/p/clase-22-planificacion-fiscal-con,only_paid,podcast,video_o_podcast_principal_con_transcripcion_substack,body_html + videoUpload.extractedAudio.transcription,,0,,0,substack_video,,0,22697c58-2fc2-42e5-ab9e-39e9bf8ac7a5 | 82b87410-56c0-4987-a240-99cb36d89761,1265.9667 | 1265.8156,PENDIENTE,Preparado para extracción final
Te cuento un caso real de un inversor al que asesoré...,La trampa silenciosa que NO te cuentan.,2025-12-20T10:11:36.226Z,https://fiscalizarte.substack.com/p/te-cuento-un-caso-real-de-un-inversor,everyone,newsletter,texto_normal,body_html,,0,,0,none,,0,,,PENDIENTE,Preparado para extracción final
“¿Qué tengo que hacer antes de fin de año para pagar lo mínimo posible en la renta?”,La respuesta en este mail.,2025-12-17T06:48:23.594Z,https://fiscalizarte.substack.com/p/que-tengo-que-hacer-antes-de-fin,only_paid,newsletter,texto_normal,body_html,,0,,0,none,,0,,,PENDIENTE,Preparado para extracción final
Clase 3: NPLs (crédito hipotecario impagado) — donde de verdad están los descuentos,,2025-12-15T11:25:28.812Z,https://fiscalizarte.substack.com/p/clase-3-npls-credito-hipotecario,only_paid,podcast,video_o_podcast_principal_con_transcripcion_substack,body_html + videoUpload.extractedAudio.transcription,,0,,0,substack_video,,0,1199eeea-97d1-432c-b28e-b4291e5d4aa7 | ce1a4038-29a4-4d95-81c6-dc54dfe04af0,2161.7 | 2161.5803,PENDIENTE,Preparado para extracción final
“¿Por qué todo el mundo me dice que cree una sociedad si ya pago menos como no residente?”,,2025-12-10T09:37:36.258Z,https://fiscalizarte.substack.com/p/por-que-todo-el-mundo-me-dice-que,only_paid,newsletter,texto_normal,body_html,,0,,0,none,,0,,,PENDIENTE,Preparado para extracción final
¿Tengo que darme de alta en autónomos si tengo una patrimonial?,,2025-12-03T09:34:35.624Z,https://fiscalizarte.substack.com/p/tengo-que-darme-de-alta-en-autonomos,only_paid,newsletter,texto_normal,body_html,,0,,0,none,,0,,,PENDIENTE,Preparado para extracción final
#Clase 21: ¿Cúando DEBES pasar tús inmuebles a una SOCIEDAD PATRIMONIAL?,CASO REAL con Rubén que QUIERE aportar 8 inmuebles a una Patrimonial,2025-12-01T10:17:49.033Z,https://fiscalizarte.substack.com/p/clase-21-cuando-debes-pasar-tus-inmuebles,only_paid,podcast,video_o_podcast_principal_con_transcripcion_substack,body_html + videoUpload.extractedAudio.transcription,,0,,0,substack_video,,0,85f4cc9a-5a3a-4ab9-b01c-780b11351a3d | 4f49a9ea-6835-4553-b7b9-ae54fa56ff70,1626.2333 | 1626.0963,PENDIENTE,Preparado para extracción final
Fiscalidad inmobiliaria sin humo: accede gratis a la sesión que di ayer a Comunidad Propia,,2025-11-28T15:58:12.087Z,https://fiscalizarte.substack.com/p/fiscalidad-inmobiliaria-sin-humo,everyone,newsletter,texto_normal,body_html,,0,,0,none,,0,,,PENDIENTE,Preparado para extracción final
"Me casé, vendí mi casa… y Hacienda quiere venir a la luna de miel",,2025-11-26T08:31:08.634Z,https://fiscalizarte.substack.com/p/me-case-vendi-mi-casa-y-hacienda,only_paid,newsletter,texto_normal,body_html,,0,,0,none,,0,,,PENDIENTE,Preparado para extracción final
Esta lección te puede ahorrar 400.000 euros...,Ejemplo real de una empresa de flipping de Andalucía,2025-11-24T13:41:20.867Z,https://fiscalizarte.substack.com/p/esta-leccion-te-puede-ahorrar-400000,everyone,newsletter,texto_normal,body_html,,0,,0,none,,0,,,PENDIENTE,Preparado para extracción final
La fantasía del “me llevo la sociedad a otro país y me libro de Sucesiones”,,2025-11-19T08:27:42.519Z,https://fiscalizarte.substack.com/p/la-fantasia-del-me-llevo-la-sociedad,only_paid,newsletter,texto_normal,body_html,,0,,0,none,,0,,,PENDIENTE,Preparado para extracción final
(EII) Clase sobre interpretación de Notas Simples para operaciones inmobiliarias complejas.,,2025-11-14T17:44:10.363Z,https://fiscalizarte.substack.com/p/eii-clase-sobre-interpretacion-de,only_paid,podcast,video_o_podcast_principal_con_transcripcion_substack,body_html + videoUpload.extractedAudio.transcription,,0,,0,substack_video,,0,a96eb93a-85f4-434b-8f53-98a6d4ed717e | 2c617f32-ab85-49de-a06d-1349441204bc,2209.7 | 2209.5674,PENDIENTE,Preparado para extracción final
El falso “escudo protector” de crear otra sociedad (y por qué podrías estar pagando el doble para no proteger nada).,,2025-11-12T16:25:03.842Z,https://fiscalizarte.substack.com/p/el-falso-escudo-protector-de-crear,only_paid,newsletter,texto_normal,body_html,,0,,0,none,,0,,,PENDIENTE,Preparado para extracción final
 (EII) Clase sobre inversión en Subastas de la Seguridad Social.,La Escuela de Inversión Inmobiliaria.,2025-11-11T11:01:33.304Z,https://fiscalizarte.substack.com/p/eii-clase-sobre-inversion-en-subastas,only_paid,podcast,video_o_podcast_principal_con_transcripcion_substack,body_html + videoUpload.extractedAudio.transcription,,0,,0,substack_video,,0,ed447652-457e-4d26-b466-8e35d8742248 | 1b3e5250-9548-4b91-8f4a-7c608eeb4c1f,2909.1667 | 2909.048,PENDIENTE,Preparado para extracción final
Hoy inauguro algo que llevaba meses preparando...,Un proyecto para quien quiere dejar de ser espectador y empezar a invertir con criterio real.,2025-11-11T10:30:54.766Z,https://fiscalizarte.substack.com/p/hoy-inauguro-algo-que-llevaba-meses,everyone,newsletter,texto_normal,body_html,,0,,0,none,,0,,,PENDIENTE,Preparado para extracción final
Ayer hubo fuego.,,2025-11-10T07:58:37.018Z,https://fiscalizarte.substack.com/p/ayer-hubo-fuego,everyone,newsletter,texto_normal,body_html,,0,,0,none,,0,,,PENDIENTE,Preparado para extracción final
"Sí, las cuentas en participación pagan un 1%… y no, tu asesor de siempre no tiene ni idea de por qué..",,2025-11-07T08:12:15.866Z,https://fiscalizarte.substack.com/p/si-las-cuentas-en-participacion-pagan,everyone,newsletter,texto_normal,body_html,,0,,0,none,,0,,,PENDIENTE,Preparado para extracción final
El error caro al “meter tus pisos” en una SL: cálculos claros para no regalar dinero a Hacienda,,2025-11-05T16:20:38.213Z,https://fiscalizarte.substack.com/p/el-error-caro-al-meter-tus-pisos,only_paid,newsletter,texto_normal,body_html,,0,,0,none,,0,,,PENDIENTE,Preparado para extracción final
Email importante. No te pierdas este contenido.,,2025-10-29T17:07:03.619Z,https://fiscalizarte.substack.com/p/email-importante-no-te-pierdas-este,everyone,newsletter,texto_normal,body_html,,0,,0,none,,0,,,PENDIENTE,Preparado para extracción final
🚀 ¿Tienes criptos que se han disparado de valor? Cuidado con venderlas como particular… y atención si piensas meterlas en una SL,,2025-10-29T08:43:21.233Z,https://fiscalizarte.substack.com/p/tienes-criptos-que-se-han-disparado,only_paid,newsletter,texto_normal,body_html,,0,,0,none,,0,,,PENDIENTE,Preparado para extracción final
"🧾 ¿Comprar, reformar y vender pisos como autónomo o como persona física? La clave fiscal que puede cambiar tu rentabilidad",,2025-10-22T07:37:13.241Z,https://fiscalizarte.substack.com/p/comprar-reformar-y-vender-pisos-como,only_paid,newsletter,texto_normal,body_html,,0,,0,none,,0,,,PENDIENTE,Preparado para extracción final
"💻 ¿Vas a crear una sociedad sin poner dinero en efectivo? Sí, se puede… y esto es lo que debes saber sobre los impuestos",,2025-10-15T07:29:00.173Z,https://fiscalizarte.substack.com/p/vas-a-crear-una-sociedad-sin-poner,only_paid,newsletter,texto_normal,body_html,,0,,0,none,,0,,,PENDIENTE,Preparado para extracción final
🌍 ¿Vives en el extranjero y estás invirtiendo en inmuebles en España? Entonces esta pregunta te interesa (y mucho),,2025-10-08T07:24:58.317Z,https://fiscalizarte.substack.com/p/vives-en-el-extranjero-y-estas-invirtiendo,only_paid,newsletter,texto_normal,body_html,,0,,0,none,,0,,,PENDIENTE,Preparado para extracción final
#Clase 20: Operaciones de Flips: ¿Cuándo actividad económica?,,2025-10-05T09:39:08.420Z,https://fiscalizarte.substack.com/p/clase-20-operaciones-de-flips-cuando,only_paid,podcast,video_o_podcast_principal_con_transcripcion_substack,body_html + videoUpload.extractedAudio.transcription,,0,,0,substack_video,,0,fdf35809-afc2-46af-a850-ce8c9774f4b5 | 8c4d25d1-932f-410d-8d96-f1015f222bea,1475.3 | 1475.213,PENDIENTE,Preparado para extracción final
👔 ¿Tienes una sociedad patrimonial? Ojo: podrías estar obligado a darte de alta en autónomos (aunque no lo creas),,2025-10-01T07:19:37.783Z,https://fiscalizarte.substack.com/p/tienes-una-sociedad-patrimonial-ojo,only_paid,newsletter,texto_normal,body_html,,0,,0,none,,0,,,PENDIENTE,Preparado para extracción final
#Clase 19: Cálculo de Ganancias y Pérdidas Patrimoniales en IRPF,Así se calcula la ganancia patrimonial en una operación de Flipping House.,2025-09-28T08:53:52.043Z,https://fiscalizarte.substack.com/p/clase-19-calculo-de-ganancias-y-perdidas,only_paid,podcast,video_o_podcast_principal_con_transcripcion_substack,body_html + videoUpload.extractedAudio.transcription,,0,,0,substack_video,,0,0d8737bb-4ef9-4244-8a67-1025e2580571 | a1db5f47-d25c-454a-9119-0e5f055eae09,1314.5 | 1314.3511,PENDIENTE,Preparado para extracción final
🏠 ¿Vendiste tu vivienda habitual tras casarte en gananciales? ,Cuidado con estos errores fiscales que pueden salirte muy caros,2025-09-24T08:15:31.473Z,https://fiscalizarte.substack.com/p/vendiste-tu-vivienda-habitual-tras,only_paid,newsletter,texto_normal,body_html,,0,,0,none,,0,,,PENDIENTE,Preparado para extracción final
#Clase 18: Conoce la Base del Ahorro del IRPF.,Invierte en el sector inmobiliario a través de la base del ahorro del IRPF.,2025-09-22T09:39:16.475Z,https://fiscalizarte.substack.com/p/clase-18-conoce-la-base-del-ahorro,only_paid,podcast,video_o_podcast_principal_con_transcripcion_substack,body_html + videoUpload.extractedAudio.transcription,,0,,0,substack_video,,0,13646189-53ee-4c5e-985b-98c74343e965 | 9ddd541e-7133-4ec6-8d7b-a0432ee2f211,1253.0333 | 1252.8326,PENDIENTE,Preparado para extracción final
El peaje invisible que frena a los inversores..,Por esto casi nadie acaba montando su patrimonial (aunque lo tenga en mente).,2025-09-21T07:56:26.006Z,https://fiscalizarte.substack.com/p/el-peaje-invisible-que-frena-a-los,everyone,newsletter,texto_normal,body_html,,0,,0,none,,0,,,PENDIENTE,Preparado para extracción final
🏢 ¿Proteger tus activos inmobiliarios creando otra sociedad? ,Esto es lo que nadie te cuenta (pero deberías saber),2025-09-17T08:11:30.745Z,https://fiscalizarte.substack.com/p/proteger-tus-activos-inmobiliarios,only_paid,newsletter,texto_normal,body_html,,0,,0,none,,0,,,PENDIENTE,Preparado para extracción final
Holding patrimonial: ¿una buena idea o una bomba fiscal?,Descubre si tu empresa puede ser al mismo tiempo una Holding y una Patrimonial. ,2025-09-10T11:15:12.184Z,https://fiscalizarte.substack.com/p/holding-patrimonial-una-buena-idea,only_paid,newsletter,texto_normal,body_html,,0,,0,none,,0,,,PENDIENTE,Preparado para extracción final
👉 Te estás metiendo en un lío con Hacienda y ni siquiera lo sabes..,,2025-09-09T15:16:52.185Z,https://fiscalizarte.substack.com/p/te-estas-metiendo-en-un-lio-con-hacienda,everyone,newsletter,texto_normal,body_html,,0,,0,none,,0,,,PENDIENTE,Preparado para extracción final
#Clase 17: Reducción por Rendimientos Irregulares y Arrendamientos con paresteco familiar.,Conoce esta reducción que el 95% de los inversores desconocen.,2025-09-07T07:05:18.706Z,https://fiscalizarte.substack.com/p/clase-17-reduccion-por-rendimientos,only_paid,podcast,video_o_podcast_principal_con_transcripcion_substack,body_html + videoUpload.extractedAudio.transcription,,0,,0,substack_video,,0,05d660d1-476e-4513-a932-b986701093e9 | 208f4a53-bd61-48e1-b23d-d6a66a6e3d31,676.23334 | 676.04895,PENDIENTE,Preparado para extracción final
"💸 Así he ganado 12.482 € en 6 meses invirtiendo solo 36.000 €. Sin alquilar, sin líos, y pagando menos impuestos",,2025-09-06T08:30:11.525Z,https://fiscalizarte.substack.com/p/asi-he-ganado-12482-en-6-meses-invirtiendo,everyone,newsletter,newsletter_con_video_embebido,body_html + native-video-embed + ASR_local,,0,,0,local_asr_video,,0,49380607-42b1-4c9e-96be-0f8e3a110311,,PENDIENTE,Preparado para extracción final
🚀 Masterclass GRATIS: Cómo pagar menos impuestos en tus inversiones inmobiliarias,,2025-09-04T15:24:47.969Z,https://fiscalizarte.substack.com/p/masterclass-gratis-como-pagar-menos,everyone,newsletter,texto_normal,body_html,,0,,0,none,,0,,,PENDIENTE,Preparado para extracción final
🧾 Fiscalidad Inmobiliaria | ¿Cómo se calcula la amortización fiscal de un inmueble heredado y alquilado?,,2025-09-03T12:10:24.885Z,https://fiscalizarte.substack.com/p/fiscalidad-inmobiliaria-como-se-calcula,only_paid,newsletter,texto_normal,body_html,,0,,0,none,,0,,,PENDIENTE,Preparado para extracción final
… esto es lo que te estás perdiendo...,,2025-08-31T07:55:00.694Z,https://fiscalizarte.substack.com/p/esto-es-lo-que-te-estas-perdiendo,everyone,newsletter,texto_normal,body_html,,0,,0,none,,0,,,PENDIENTE,Preparado para extracción final
#Clase 16: Cálculo del Rendimiento Neto/Reducido.,Cómo calcular el Rendimiento Neto/Reducido de Capital Inmobiliario.,2025-08-28T07:02:17.368Z,https://fiscalizarte.substack.com/p/clase-16-calculo-del-rendimiento,only_paid,podcast,video_o_podcast_principal_con_transcripcion_substack,body_html + videoUpload.extractedAudio.transcription,,0,,0,substack_video,,0,49c07d75-3a55-425d-9383-1733791ac3a4 | cf89b3b9-f42e-4590-8aa7-ab68b96fe026,1048.7667 | 1048.6595,PENDIENTE,Preparado para extracción final
💡 Fiscalidad inmobiliaria: el caso de la “renta garantizada” en la compraventa de locales comerciales,,2025-08-27T07:40:25.163Z,https://fiscalizarte.substack.com/p/fiscalidad-inmobiliaria-el-caso-de,only_paid,newsletter,texto_normal,body_html,,0,,0,none,,0,,,PENDIENTE,Preparado para extracción final
🏠💼 Fiscalidad en el alquiler de apartamentos turísticos: evita errores que pueden costarte caro,,2025-08-20T07:22:22.817Z,https://fiscalizarte.substack.com/p/fiscalidad-en-el-alquiler-de-apartamentos,only_paid,newsletter,texto_normal,body_html,,0,,0,none,,0,,,PENDIENTE,Preparado para extracción final
"Los grandes inversores no van solos. Ahora, nosotros tampoco 🤝","La misma estrategia que usan los grandes inversores, ahora en nuestra comunidad.",2025-08-17T07:35:28.044Z,https://fiscalizarte.substack.com/p/los-grandes-inversores-no-van-solos,everyone,newsletter,texto_normal,body_html,,0,,0,none,,0,,,PENDIENTE,Preparado para extracción final
"📉 Ayer te conté un error fiscal muy común entre inversores… Hoy te traigo otro que, para mí, es básico conocer.",,2025-08-14T12:02:45.154Z,https://fiscalizarte.substack.com/p/ayer-te-conte-un-error-fiscal-muy,everyone,newsletter,texto_normal,body_html,,0,,0,none,,0,,,PENDIENTE,Preparado para extracción final
⚠️ Estás perdiendo dinero (y no lo sabes): el error fiscal nº1 de muchos inversores inmobiliarios,,2025-08-13T07:19:20.482Z,https://fiscalizarte.substack.com/p/estas-perdiendo-dinero-y-no-lo-sabes,only_paid,newsletter,texto_normal,body_html,,0,,0,none,,0,,,PENDIENTE,Preparado para extracción final
🚀 ¡Firmado el primer proyecto de co-inversión con la comunidad premium!,,2025-08-11T11:16:14.381Z,https://fiscalizarte.substack.com/p/firmado-el-primer-proyecto-de-co,everyone,newsletter,texto_normal,body_html,,0,,0,none,,0,,,PENDIENTE,Preparado para extracción final
#Clase 15: Cuestiones Comunes a los gastos deducibles.,Aspectos a tener en consideración para no dejarme NADA.,2025-08-10T07:47:41.078Z,https://fiscalizarte.substack.com/p/clase-15-cuestiones-comunes-a-los,only_paid,podcast,podcast_video_sin_transcripcion_substack,body_html + videoUpload + ASR_local,,0,,0,local_asr_video,,0,98ab667f-5858-4419-b295-a7e78310821a | 22e7d61e-137a-4ca3-bc5e-e607dc84039a,631.56665 | 631.4318,PENDIENTE,Preparado para extracción final
💰Asi he ganado casi 9.000 euros en 2 meses..,Estos son los números de mi última operación... 🚀,2025-08-09T07:08:44.348Z,https://fiscalizarte.substack.com/p/asi-he-ganado-casi-9000-euros-en,everyone,newsletter,texto_normal,body_html,,0,,0,none,,0,,,PENDIENTE,Preparado para extracción final
Ejemplo Real: ¿Te conviene alquilar como persona física o a través de sociedad patrimonial?,La pregunta que TODO inversor inmobiliario NO PARA de hacerse.,2025-08-06T11:40:25.004Z,https://fiscalizarte.substack.com/p/ejemplo-real-te-conviene-alquilar,only_paid,newsletter,texto_normal,body_html,,0,,0,none,,0,,,PENDIENTE,Preparado para extracción final
Estás pagando más impuestos de los que deberías (y lo sabes),hasta HOY... ,2025-08-03T18:06:16.240Z,https://fiscalizarte.substack.com/p/estas-pagando-mas-impuestos-de-los,everyone,newsletter,texto_normal,body_html,,0,,0,none,,0,,,PENDIENTE,Preparado para extracción final
"🏠💸 ERROR FRECUENTE EN RENTAS DE INMUEBLES: ""Se me olvidaron los gastos de reparación el año pasado... ¿Y ahora qué?",Cómo DEBES hacerlo sí te encuentras en esta situación. No lo hagas MAL.,2025-07-30T11:40:13.252Z,https://fiscalizarte.substack.com/p/error-frecuente-en-rentas-de-inmuebles,only_paid,newsletter,texto_normal,body_html,,0,,0,none,,0,,,PENDIENTE,Preparado para extracción final
🚨 El error fiscal que cometen (casi) todos los inversores inmobiliarios..,una VERDAD incómoda que debo CONTAR...,2025-07-27T07:10:21.022Z,https://fiscalizarte.substack.com/p/el-error-fiscal-que-cometen-casi,everyone,newsletter,texto_normal,body_html,,0,,0,none,,0,,,PENDIENTE,Preparado para extracción final
⚠️ Cataluña aprieta el puño fiscal: llega el 20% en Transmisiones Patrimoniales Onerosas.,Así aplicará el concepto de GRAN TENEDOR para inversores en CATALUÑA.,2025-07-26T07:47:38.838Z,https://fiscalizarte.substack.com/p/cataluna-aprieta-el-puno-fiscal-llega,everyone,newsletter,texto_normal,body_html,,0,,0,none,,0,,,PENDIENTE,Preparado para extracción final
"🏠 Alquilas tu piso por habitaciones… pero, ¿sabes cómo declarar bien la amortización del inmueble?",El error que provoca MILES de revisiones de RENTA por HACIENDA.,2025-07-23T11:39:20.141Z,https://fiscalizarte.substack.com/p/alquilas-tu-piso-por-habitaciones,only_paid,newsletter,texto_normal,body_html,,0,,0,none,,0,,,PENDIENTE,Preparado para extracción final
🔒 Acceso exclusivo: 30 minutos que todo inversor debe ver.,"Te enseño cómo estructurar tus inversiones inmobiliarias para pagar menos impuestos, sin complicarte.",2025-07-18T08:08:10.402Z,https://fiscalizarte.substack.com/p/acceso-exclusivo-30-minutos-que-todo,only_paid,newsletter,newsletter_con_video_embebido,body_html + native-video-embed + ASR_local,,0,,0,local_asr_video,,0,ae046f0f-7ba7-43d4-bd29-27f0eb6e76bf,,PENDIENTE,Preparado para extracción final
🏗️ Lo que muchos no saben sobre Segregar vs. Dividir un inmueble (y cómo tributa después),No la cagues al declarar la GANANCIA PATRIMONIAL.,2025-07-16T11:40:20.287Z,https://fiscalizarte.substack.com/p/lo-que-muchos-no-saben-sobre-segregar,only_paid,newsletter,texto_normal,body_html,,0,,0,none,,0,,,PENDIENTE,Preparado para extracción final
"Mientras tú pagas al ""personal shopper"", yo compro con un 40% de descuento… y tributo la mitad. Te cuento cómo.",🔍 Estás buscando rentabilidad donde ya no queda,2025-07-14T06:45:45.382Z,https://fiscalizarte.substack.com/p/mientras-tu-pagas-al-personal-shopper,everyone,newsletter,texto_normal,body_html,,0,,0,none,,0,,,PENDIENTE,Preparado para extracción final
🧠 ¿Inviertes en inmuebles? Entonces esto te interesa (mucho).,,2025-07-13T07:51:14.034Z,https://fiscalizarte.substack.com/p/inviertes-en-inmuebles-entonces-esto,everyone,newsletter,texto_normal,body_html,,0,,0,none,,0,,,PENDIENTE,Preparado para extracción final
🕵️‍♂️ ¿Te ha escrito Hacienda? No entres en pánico (aún)...,Así es el procedimiento para recurrirle a HACIENDA.,2025-07-11T07:22:18.377Z,https://fiscalizarte.substack.com/p/te-ha-escrito-hacienda-no-entres,everyone,newsletter,texto_normal,body_html,,0,,0,none,,0,,,PENDIENTE,Preparado para extracción final
🚨 El error fiscal que casi le cuesta caro a este inversor no residente,Te cuento el caso real de Andrés: inversor NO residente fiscal en España.,2025-07-09T11:40:19.478Z,https://fiscalizarte.substack.com/p/el-error-fiscal-que-casi-le-cuesta,only_paid,newsletter,texto_normal,body_html,,0,,0,none,,0,,,PENDIENTE,Preparado para extracción final
"🧱 Así estoy creando una sociedad de co-inversión inmobiliaria (para que tú también puedas invertir, sin complicarte)",,2025-07-08T07:38:15.962Z,https://fiscalizarte.substack.com/p/asi-estoy-creando-una-sociedad-de,everyone,newsletter,texto_normal,body_html,,0,,0,none,,0,,,PENDIENTE,Preparado para extracción final
⏳ Últimas 24 horas. No se volverá a repetir.,este mail INCLUYE un BONUS VIP que MUCHOS me habeís pedido.,2025-07-07T06:54:59.289Z,https://fiscalizarte.substack.com/p/ultimas-24-horas-no-se-volvera-a,everyone,newsletter,texto_normal,body_html,,0,,0,none,,0,,,PENDIENTE,Preparado para extracción final
"🏠 ¿Debo tributar por ""Operaciones Societarias"" si constituyo una comunidad de bienes para alquilar inmuebles?",,2025-07-02T11:35:22.235Z,https://fiscalizarte.substack.com/p/debo-tributar-por-operaciones-societarias,only_paid,newsletter,texto_normal,body_html,,0,,0,none,,0,,,PENDIENTE,Preparado para extracción final
🚀 Cómo Mi Hermano va a GANAR 25.000€ en Menos de 6 Meses con un Piso en Jaén (Y Tú También Puedes),,2025-06-30T08:34:35.802Z,https://fiscalizarte.substack.com/p/como-mi-hermano-va-a-ganar-25000,everyone,newsletter,texto_normal,body_html,,0,,0,none,,0,,,PENDIENTE,Preparado para extracción final
#Clase 14: Amortización de las mejoras.,Cómo amortizar las mejoras y deducírtelas legalmente en tu IRPF,2025-06-29T07:32:14.965Z,https://fiscalizarte.substack.com/p/clase-14-amortizacion-de-las-mejoras,only_paid,podcast,video_o_podcast_principal_con_transcripcion_substack,body_html + videoUpload.extractedAudio.transcription,,0,,0,substack_video,,0,d03a258b-7e93-4fef-851c-9a375fb1b071 | b9526b0e-2b1d-4c3f-a2ff-757c94b3ca5a,738.6232 | 738.63837,PENDIENTE,Preparado para extracción final
🔥 Descuento del 20% en la suscripción anual Premium. Solo hasta el domingo.,,2025-06-28T07:13:12.328Z,https://fiscalizarte.substack.com/p/descuento-del-20-en-la-suscripcion,everyone,newsletter,texto_normal,body_html,,0,,0,none,,0,,,PENDIENTE,Preparado para extracción final
🏥 ¿Alquilas un geriátrico ya montado? Igual un geriátrico no...pero.. ¿Y otro tipo de negocio?,Cuidado: Hacienda distingue entre “negocio” y “inmueble”,2025-06-25T11:51:31.457Z,https://fiscalizarte.substack.com/p/alquilas-un-geriatrico-ya-montado,only_paid,newsletter,texto_normal,body_html,,0,,0,none,,0,,,PENDIENTE,Preparado para extracción final
#Clase 13: Amortización del Mobiliario, Cómo amortizar el mobiliario y deducirlo legalmente en tu IRPF,2025-06-22T08:24:31.333Z,https://fiscalizarte.substack.com/p/clase-13-amortizacion-del-mobiliario,only_paid,podcast,video_o_podcast_principal_con_transcripcion_substack,body_html + videoUpload.extractedAudio.transcription,,0,,0,substack_video,,0,2b8cf97d-61fb-43e9-9f91-a481de741388 | 2e299d35-687e-46f6-b07e-4a0dc4680ec0,888.65656 | 888.6857,PENDIENTE,Preparado para extracción final
Decrecer para CRECER más rápido.,Las 3 fases del inversor inmobiliario: Invertir con ESTRATEGIA FISCAL.,2025-06-19T15:10:11.308Z,https://fiscalizarte.substack.com/p/decrecer-para-crecer-mas-rapido,everyone,newsletter,texto_normal,body_html,,0,,0,none,,0,,,PENDIENTE,Preparado para extracción final
🏢 ¿Tienes una sociedad civil que alquila inmuebles? ,"Ojo, desde 2016 Hacienda te pone en otra liga.",2025-06-18T11:45:32.637Z,https://fiscalizarte.substack.com/p/tienes-una-sociedad-civil-que-alquila,only_paid,newsletter,texto_normal,body_html,,0,,0,none,,0,,,PENDIENTE,Preparado para extracción final
🏠💼 ¿Alquilas tu piso a una empresa para que lo use uno de sus empleados? ,Así puedes seguir disfrutando de la reducción del 50% en tu IRPF.,2025-06-16T05:41:06.802Z,https://fiscalizarte.substack.com/p/alquilas-tu-piso-a-una-empresa-para,only_paid,newsletter,texto_normal,body_html,,0,,0,none,,0,,,PENDIENTE,Preparado para extracción final
"Cómo un ´´buen`` piso, PUEDE ser una operación fiscalmente MALÍSIMA.",Te cuento la historia de un inversor que he conocido recientemente.,2025-06-15T07:48:42.061Z,https://fiscalizarte.substack.com/p/como-un-buen-piso-puede-ser-una-operacion,everyone,newsletter,texto_normal,body_html,,0,,0,none,,0,,,PENDIENTE,Preparado para extracción final
El mayor erorr de un inversor inmobiliario es la falta de planificación fiscal.,Dedica 3 minutos a leer este mail y NO cometas fallos.,2025-06-12T13:52:37.168Z,https://fiscalizarte.substack.com/p/el-mayor-erorr-de-un-inversor-inmobiliario,everyone,newsletter,texto_normal,body_html,,0,,0,none,,0,,,PENDIENTE,Preparado para extracción final
🏘️ ¿Tienes pisos en alquiler y estás pensando en meterlos en una sociedad? ,Ojo con esto que dice Hacienda.,2025-06-11T11:39:21.966Z,https://fiscalizarte.substack.com/p/tienes-pisos-en-alquiler-y-estas,only_paid,newsletter,texto_normal,body_html,,0,,0,none,,0,,,PENDIENTE,Preparado para extracción final
Hacer un flip siendo persona física puede ser una ruina fiscal.,Te cuento el caso real de un inversor.,2025-06-08T07:31:32.927Z,https://fiscalizarte.substack.com/p/hacer-un-flip-siendo-persona-fisica,everyone,newsletter,texto_normal,body_html,,0,,0,none,,0,,,PENDIENTE,Preparado para extracción final
🚙 ¿Tienes un todoterreno solo para tu actividad profesional? Esto es lo que Hacienda dice sobre deducírtelo,,2025-06-04T11:45:18.914Z,https://fiscalizarte.substack.com/p/tienes-un-todoterreno-solo-para-tu,only_paid,newsletter,texto_normal,body_html,,0,,0,none,,0,,,PENDIENTE,Preparado para extracción final
#Clase 12: Otros gastos deducibles en el RCI,No te olvides de incluir estos gastos para minorar la tributación de tús pisos alquilados.,2025-06-01T07:50:06.024Z,https://fiscalizarte.substack.com/p/clase-12-otros-gastos-deducibles,only_paid,podcast,video_o_podcast_principal_con_transcripcion_substack,body_html + videoUpload.extractedAudio.transcription,,0,,0,substack_video,,0,c9bcae50-42b7-42cf-940a-19253d2b78bb | 1be70e40-39e7-41d1-b825-34b7a9c6d72a,824.63336 | 824.5551,PENDIENTE,Preparado para extracción final
¿Crear una sociedad o adquirir una sociedad creada? La mejor opción.,Comprar Sociedad Inactivas para invertir en inmuebles.,2025-05-28T11:45:25.917Z,https://fiscalizarte.substack.com/p/crear-una-sociedad-o-adquirir-una,only_paid,newsletter,texto_normal,body_html,,0,,0,none,,0,,,PENDIENTE,Preparado para extracción final
#Clase 11: Los gastos de reparación y conservación,Cómo deducirte los gastos de reparación y conservación del inmueble alquilado.,2025-05-25T06:30:24.594Z,https://fiscalizarte.substack.com/p/clase-11-los-gastos-de-reparacion,only_paid,podcast,podcast_video_sin_transcripcion_substack,body_html + videoUpload + ASR_local,,0,,0,local_asr_video,,0,27caec1e-2597-49bc-95b2-e7c7dc53dc41 | 1739828a-d263-4f96-ba1a-b7f77cab8641,811.48987 | 811.4939,PENDIENTE,Preparado para extracción final
¿Cómo proteger tú patrimonio inmobiliario a través de Sociedades Patrimoniales?,Todo sobre las Sociedades Patrimoniales.,2025-05-21T11:45:16.389Z,https://fiscalizarte.substack.com/p/como-proteger-tu-patrimonio-inmobiliario,only_paid,newsletter,texto_normal,body_html,,0,,0,none,,0,,,PENDIENTE,Preparado para extracción final
#Clase 10: Los intereses y gastos de financiación,Cómo deducirte los interes y gastos de financiación asociados a la compra del inmueble.,2025-05-18T06:30:48.980Z,https://fiscalizarte.substack.com/p/clase-10-los-intereses-y-gastos-de,only_paid,podcast,podcast_video_sin_transcripcion_substack,body_html + videoUpload + ASR_local,,0,,0,local_asr_video,,0,c277223e-591b-4b6e-9a23-ec85db8c581e | 5cee264a-491d-45a0-bbcc-ab5085823ba8,995.1899 | 995.2131,PENDIENTE,Preparado para extracción final
DEBES analizar correctamente los números en una operación de flipping...antes de entrar....,Caso real de dos inversoras de mi comunidad de suscriptores premium.,2025-05-17T08:45:23.915Z,https://fiscalizarte.substack.com/p/debes-analizar-correctamente-los,everyone,newsletter,texto_normal,body_html,,0,,0,none,,0,,,PENDIENTE,Preparado para extracción final
No cometas el mismo ERROR que Rubén con sus inversiones inmobiliarias....,La importancia de invertir con SENTIDO/CONOCIMIENTO FISCAL.,2025-05-15T09:08:13.299Z,https://fiscalizarte.substack.com/p/no-cometas-el-mismo-error-que-ruben,everyone,newsletter,texto_normal,body_html,,0,,0,none,,0,,,PENDIENTE,Preparado para extracción final
🏘️ Disolver una sociedad inmobiliaria y adjudicar inmuebles a los socios: la guía fiscal definitiva (con ejemplos),,2025-05-14T08:30:27.702Z,https://fiscalizarte.substack.com/p/disolver-una-sociedad-inmobiliaria,only_paid,newsletter,texto_normal,body_html,,0,,0,none,,0,,,PENDIENTE,Preparado para extracción final
🌍 ¿Tu empresa extranjera alquila almacenes en España? Entonces esto te interesa (y mucho),,2025-05-07T07:02:24.241Z,https://fiscalizarte.substack.com/p/tu-empresa-extranjera-alquila-almacenes,only_paid,newsletter,texto_normal,body_html,,0,,0,none,,0,,,PENDIENTE,Preparado para extracción final
Lo que ningún gurú del sector te cuenta pero que deberías saber siendo un pequeño inversor inmobiliario...,Porqué no te suele interesar montar una SOCIEDAD PATRIMONIAL.,2025-05-05T15:06:08.404Z,https://fiscalizarte.substack.com/p/lo-que-ningun-guru-del-sector-te,everyone,newsletter,texto_normal,body_html,,0,,0,none,,0,,,PENDIENTE,Preparado para extracción final
Adapta tú estrategia de inversión a tú situación fiscal..,Y no cometas el ERROR que comenten el 95% de los inversores inmobiliarios.,2025-05-04T15:09:12.291Z,https://fiscalizarte.substack.com/p/adapta-tu-estrategia-de-inversion,everyone,newsletter,texto_normal,body_html,,0,,0,none,,0,,,PENDIENTE,Preparado para extracción final
🏡 ¿Alquilas pisos turísticos? Este es el error que muchos cometen con Hacienda sin saberlo,,2025-04-30T12:03:17.227Z,https://fiscalizarte.substack.com/p/alquilas-pisos-turisticos-este-es,only_paid,newsletter,texto_normal,body_html,,0,,0,none,,0,,,PENDIENTE,Preparado para extracción final
Un suscriptor me pide ayuda...,Le ha llegado una COMPROBACIÓN por parte de Hacienda.,2025-04-27T17:45:56.128Z,https://fiscalizarte.substack.com/p/un-suscriptor-me-pide-ayuda,everyone,newsletter,texto_normal,body_html,,0,,0,none,,0,,,PENDIENTE,Preparado para extracción final
#Clase 9: La Amortización Fiscal del Inmueble,Cómo deducirte el gasto fiscal por la amortización del inmueble,2025-04-27T06:01:32.872Z,https://fiscalizarte.substack.com/p/clase-9-la-amortizacion-fiscal-del,only_paid,podcast,video_o_podcast_principal_con_transcripcion_substack,body_html + videoUpload.extractedAudio.transcription,,0,,0,substack_video,,0,6b9a403c-ad1a-44d2-b986-c1db0ddbdeb6 | 14691a67-40b4-4740-b830-f71702bfdf10,1137.4899 | 1137.5021,PENDIENTE,Preparado para extracción final
Desconocer la normativa fiscal te puede hacer perder dinero....,Las 3 opciones fiscales para hacer flipping house: Caso real de un suscriptor,2025-04-26T08:35:45.596Z,https://fiscalizarte.substack.com/p/desconocer-la-normativa-fiscal-te,everyone,newsletter,texto_normal,body_html,,0,,0,none,,0,,,PENDIENTE,Preparado para extracción final
⚠️ Cuidado con la escisión de tu empresa: ¿Pagarás más impuestos?,Ejemplo real de una sociedad con 5 socios al 20% cada uno.,2025-04-23T05:30:50.175Z,https://fiscalizarte.substack.com/p/cuidado-con-la-escision-de-tu-empresa,only_paid,newsletter,texto_normal,body_html,,0,,0,none,,0,,,PENDIENTE,Preparado para extracción final
Hacer flipping esta de moda...,Pero no es oro todo lo que reluce.,2025-04-21T11:30:06.155Z,https://fiscalizarte.substack.com/p/hacer-flipping-esta-de-moda,everyone,newsletter,texto_normal,body_html,,0,,0,none,,0,,,PENDIENTE,Preparado para extracción final
Los errores en la inversión inmobiliaria SON CAROS....,No cometas el error de NO hacer una adecuada PLANIFICACIÓN FISCAL.,2025-04-19T09:30:05.823Z,https://fiscalizarte.substack.com/p/los-errores-en-la-inversion-inmobiliaria,everyone,newsletter,texto_normal,body_html,,0,,0,none,,0,,,PENDIENTE,Preparado para extracción final
🏠💥 Alquilas pisos turísticos de otros propietarios: lo que Hacienda no va a dejar pasar,IRPF e IVA.,2025-04-16T05:30:23.273Z,https://fiscalizarte.substack.com/p/alquilas-pisos-turisticos-de-otros,only_paid,newsletter,texto_normal,body_html,,0,,0,none,,0,,,PENDIENTE,Preparado para extracción final
Cuidado al precio al que vendes tú piso...,Hacienda te buscará.,2025-04-15T08:42:32.207Z,https://fiscalizarte.substack.com/p/cuidado-al-precio-al-que-vendes-tu,everyone,newsletter,texto_normal,body_html,,0,,0,none,,0,,,PENDIENTE,Preparado para extracción final
Así te puedas aplicar la mayor ventaja fiscal por alquilar inmuebles en la RENTA 2024...,Ejemplo práctico con el programa de HACIENDA.,2025-04-13T09:21:38.458Z,https://fiscalizarte.substack.com/p/asi-te-puedes-aplicar-la-reduccion,everyone,newsletter,texto_normal,body_html,,0,,0,none,,0,,,PENDIENTE,Preparado para extracción final
#Clase 8: Gastos Deducibles (Cuestiones Comunes),Aspectos relevantes a tener en cuenta en los gastos deducibles,2025-04-13T06:05:17.684Z,https://fiscalizarte.substack.com/p/clase-8-gastos-deducibles-cuestiones,only_paid,podcast,video_o_podcast_principal_con_transcripcion_substack,body_html + videoUpload.extractedAudio.transcription,,0,,0,substack_video,,0,d6f69c1e-49db-4a49-82e9-bf54354392a2 | a2b79da9-f3b4-45a6-beee-fdea3b90a909,472.8232 | 472.84244,PENDIENTE,Preparado para extracción final
🚗💸 ¿Puedo desgravar el coche si lo uso para gestionar mis pisos en alquiler?,,2025-04-09T05:30:55.772Z,https://fiscalizarte.substack.com/p/puedo-desgravar-el-coche-si-lo-uso,only_paid,newsletter,texto_normal,body_html,,0,,0,none,,0,,,PENDIENTE,Preparado para extracción final
#Clase 7: Ingresos por arrendamientos,Cómo se imputan los ingresos para el cálculo del RCI,2025-04-06T06:02:35.629Z,https://fiscalizarte.substack.com/p/clase-7-ingresos-por-arrendamientos,only_paid,podcast,video_o_podcast_principal_con_transcripcion_substack,body_html + videoUpload.extractedAudio.transcription,,0,,0,substack_video,,0,3e574f0e-4620-4c3f-9c02-93f934da3c71 | 06f02555-b30b-40fe-8b4d-107ff2ce769c,708.95654 | 708.9894,PENDIENTE,Preparado para extracción final
¿Quieres seguir perdiéndote el mejor contenido de valor?,Este mail te interesa.,2025-04-05T09:49:35.044Z,https://fiscalizarte.substack.com/p/quieres-seguir-perdiendote-el-mejor,only_paid,newsletter,texto_normal,body_html,,0,,0,none,,0,,,PENDIENTE,Preparado para extracción final
¿Debe tu asociación pagar IVA por el alquiler de viviendas?,Iva y Sociedades con actividad económica.,2025-04-03T05:31:23.933Z,https://fiscalizarte.substack.com/p/debe-tu-asociacion-pagar-iva-por,only_paid,newsletter,texto_normal,body_html,,0,,0,none,,0,,,PENDIENTE,Preparado para extracción final
¿Cómo tributa la aportación de bienes donados a una sociedad? ,Todo lo que debes saber.,2025-04-01T05:31:20.340Z,https://fiscalizarte.substack.com/p/como-tributa-la-aportacion-de-bienes,only_paid,newsletter,texto_normal,body_html,,0,,0,none,,0,,,PENDIENTE,Preparado para extracción final
#Clase 6: Cálculo del Rendimiento de Capital Inmobiliario.,Cómo se calcula el RCI para incluirlo en la base general del IRPF.,2025-03-30T06:02:18.484Z,https://fiscalizarte.substack.com/p/clase-6-calculo-del-rendimiento-de,only_paid,podcast,video_o_podcast_principal_con_transcripcion_substack,body_html + videoUpload.extractedAudio.transcription,,0,,0,substack_video,,0,f45c6db2-da81-4d05-9ddc-683ef27402aa | 28cd23bb-2944-47f5-83bc-0b0a793923cc,675.1232 | 675.1608,PENDIENTE,Preparado para extracción final
🏡💰 Fiscalidad en la Venta de Viviendas Promovidas por Comunidades de Bienes ,Estructura fiscal de las Comunidades de Bienes.,2025-03-27T06:30:51.998Z,https://fiscalizarte.substack.com/p/fiscalidad-en-la-venta-de-viviendas,only_paid,newsletter,texto_normal,body_html,,0,,0,none,,0,,,PENDIENTE,Preparado para extracción final
¡Cuidado con las escisiones parciales en inmobiliario!,Reestructuración de negocios inmobiliarios,2025-03-25T06:30:48.042Z,https://fiscalizarte.substack.com/p/cuidado-con-las-escisiones-parciales,only_paid,newsletter,texto_normal,body_html,,0,,0,none,,0,,,PENDIENTE,Preparado para extracción final
#Clase 5: Imputación de Rentas Inmobilirias.,"Los inmuebles que tienes a tu disposición (sin alquilar), TAMBÍEN tributan.",2025-03-22T07:30:39.824Z,https://fiscalizarte.substack.com/p/clase-5-imputacion-de-rentas-inmobilirias,only_paid,podcast,video_o_podcast_principal_con_transcripcion_substack,body_html + videoUpload.extractedAudio.transcription,,0,,0,substack_video,,0,cbf3d470-c89d-44e3-be91-26212deca747 | 763dd421-bd98-4d09-abdc-de1f2b3c3b1e,1026.3232 | 1026.325,PENDIENTE,Preparado para extracción final
¿Reformas antes de alquilar?, Esto dice Hacienda sobre si puedes deducírtelas,2025-03-20T06:30:51.550Z,https://fiscalizarte.substack.com/p/reformas-antes-de-alquilar,only_paid,newsletter,texto_normal,body_html,,0,,0,none,,0,,,PENDIENTE,Preparado para extracción final
Reparaciones en tu edificio alquilado: ¿puedes deducirlas en el IRPF?,Cómo hacerlo si vives tú tambien en el edificio que alquilas.,2025-03-18T06:30:50.727Z,https://fiscalizarte.substack.com/p/reparaciones-en-tu-edificio-alquilado,only_paid,newsletter,texto_normal,body_html,,0,,0,none,,0,,,PENDIENTE,Preparado para extracción final
#Episodio 1: Serrasola Inversiones,Sergio e Iván de Serrasola Inversiones se pasan por Inversores Anónimos.,2025-03-16T08:02:47.069Z,https://fiscalizarte.substack.com/p/episodio-1-serrasola-inversiones,only_paid,podcast,podcast_audio_con_transcripcion_substack,body_html + podcastUpload.transcription,,0,,0,substack_podcast,,0,e3cb54a3-99f0-410a-aaee-47b1f99bf078,4166.243,PENDIENTE,Preparado para extracción final
¿Quién paga impuestos por el alquiler? ,Propietario vs. usufructuario,2025-03-13T06:30:47.741Z,https://fiscalizarte.substack.com/p/quien-paga-impuestos-por-el-alquiler,only_paid,newsletter,texto_normal,body_html,,0,,0,none,,0,,,PENDIENTE,Preparado para extracción final
Invertir a través de COMUNIDADES DE BIENES...,Cómo les afecta el IVA de las obras de rehabilitación efectuadas.,2025-03-11T06:30:57.709Z,https://fiscalizarte.substack.com/p/invertir-a-traves-de-comunidades,only_paid,newsletter,texto_normal,body_html,,0,,0,none,,0,,,PENDIENTE,Preparado para extracción final
#Clase 4: Clases de Rendimientos de Capital,Los rendimientos de capital y su tributación en el IRPF.,2025-03-08T07:06:22.739Z,https://fiscalizarte.substack.com/p/clase-4-clases-de-rendimientos-de,only_paid,podcast,video_o_podcast_principal_con_transcripcion_substack,body_html + videoUpload.extractedAudio.transcription,,0,,0,substack_video,,0,4c429851-f860-43d9-bcf5-b6c0fda05170 | 6cba2ee5-1a65-4727-b71e-3ab73afdd36f,472.35657 | 472.37225,PENDIENTE,Preparado para extracción final
Aportación de Participaciones y Régimen Especial del Impuesto sobre Sociedades.,Cómo NO pagar impuesto acogiéndote al régimen de neutralidad fiscal.,2025-03-06T06:30:41.770Z,https://fiscalizarte.substack.com/p/aportacion-de-participaciones-y-regimen,only_paid,newsletter,texto_normal,body_html,,0,,0,none,,0,,,PENDIENTE,Preparado para extracción final
¿Qué IVA se aplica a las obras de mejora en una vivienda en construcción?,Mucho cuidado con el % de IVA que tienes que aplicar.,2025-03-04T06:30:52.616Z,https://fiscalizarte.substack.com/p/que-iva-se-aplica-a-las-obras-de,only_paid,newsletter,texto_normal,body_html,,0,,0,none,,0,,,PENDIENTE,Preparado para extracción final
Cómo ahorrar impuestos siendo no residente..,Convenio de doble imposición.,2025-03-02T07:30:30.168Z,https://fiscalizarte.substack.com/p/argentina-patria-querida,everyone,newsletter,texto_normal,body_html,,0,,0,none,,0,,,PENDIENTE,Preparado para extracción final
#Clase 3: Masterclass Persona Física vs Sociedad ,Análisis fiscal persona física vs Sociedad,2025-03-01T07:30:53.503Z,https://fiscalizarte.substack.com/p/clase-3-masterclass-persona-fisica,only_paid,podcast,video_o_podcast_principal_con_transcripcion_substack,body_html + videoUpload.extractedAudio.transcription,,0,,0,substack_video,,0,65884243-bd66-4c1b-bfde-8e5982bab9ad | 3a25aa3e-39fa-4146-b0f0-689625ff91e3,1727.8232 | 1727.8433,PENDIENTE,Preparado para extracción final
¿Comprar más participaciones de tu sociedad patrimonial puede hacerte pagar el ITP como si compraras un inmueble? ,Caso real de un inversor que adquiere más porcentaje de participaciones de su sociedad.,2025-02-27T06:30:54.030Z,https://fiscalizarte.substack.com/p/comprar-mas-participaciones-de-tu,only_paid,newsletter,texto_normal,body_html,,0,,0,none,,0,,,PENDIENTE,Preparado para extracción final
Crear una holding para gestionar tus inversiones: ¿Cómo afecta a los impuestos? ,Aportación no dineraria y mótivo económico válido.,2025-02-25T06:30:48.559Z,https://fiscalizarte.substack.com/p/crear-una-holding-para-gestionar,only_paid,newsletter,texto_normal,body_html,,0,,0,none,,0,,,PENDIENTE,Preparado para extracción final
Simplificar holding para eliminar duplicidad de gastos,Mótivo económico válido y estructuras holding.,2025-02-23T07:30:57.388Z,https://fiscalizarte.substack.com/p/simplificar-holding-para-eliminar,everyone,newsletter,texto_normal,body_html,,0,,0,none,,0,,,PENDIENTE,Preparado para extracción final
#Clase 2: Imputación temporal de rentas,Cómo afecta la imputación temporal a nuestra planificación de tesorería.,2025-02-22T09:00:08.424Z,https://fiscalizarte.substack.com/p/clase-2-imputacion-temporal-de-rentas,only_paid,podcast,video_o_podcast_principal_con_transcripcion_substack,body_html + videoUpload.extractedAudio.transcription,,0,,0,substack_video,,0,1da3d41a-566d-4812-9168-f0e0e6322c08 | 684b76eb-81e8-4c29-8ae4-f39e3084e9fa,301.68988 | 301.7143,PENDIENTE,Preparado para extracción final
No hagas esto si VENDES un piso..,para NO PAGAR una salvajada de IMPUESTOS.,2025-02-20T06:31:02.470Z,https://fiscalizarte.substack.com/p/cuidado-con-la-forma-en-la-que-vendes,only_paid,newsletter,texto_normal,body_html,,0,,0,none,,0,,,PENDIENTE,Preparado para extracción final
Cuidado al declarar el ITP...,Te cuento las nuevas reglas de juego.,2025-02-18T06:28:28.816Z,https://fiscalizarte.substack.com/p/cuidado-al-declarar-el-itp,only_paid,newsletter,texto_normal,body_html,,0,,0,none,,0,,,PENDIENTE,Preparado para extracción final
He traicionado los pilares de mi estrategia de inversión con mi última operación.,Estos son los 3 motivos que me han llevado a comprar este inmueble.,2025-02-16T07:04:36.114Z,https://fiscalizarte.substack.com/p/nuevo-inmueble-para-mi-cartera-personal,everyone,newsletter,texto_normal,body_html,,0,,0,none,,0,,,PENDIENTE,Preparado para extracción final
#Clase 1: Estructura del IRPF,La importancia de conocer la estructura del IRPF.,2025-02-15T08:01:27.646Z,https://fiscalizarte.substack.com/p/clase-1-estructura-del-irpf,only_paid,podcast,video_o_podcast_principal_con_transcripcion_substack,body_html + videoUpload.extractedAudio.transcription,,0,,0,substack_video,,0,815639a9-75b8-48ca-9353-60122c65260a | 6826cc76-24a1-42c4-86a2-7d189baf19a7,417.8232 | 417.8547,PENDIENTE,Preparado para extracción final
¿Qué ocurre cuando una casa construida para la venta se destina al alquiler?,Claves fiscales,2025-02-13T06:26:33.111Z,https://fiscalizarte.substack.com/p/que-ocurre-cuando-una-casa-construida,only_paid,newsletter,texto_normal,body_html,,0,,0,none,,0,,,PENDIENTE,Preparado para extracción final
Me comprometí contigo y cumplo mi palabra..,Quiero que aprendas fiscalidad inmobiliaria.,2025-02-11T08:34:32.215Z,https://fiscalizarte.substack.com/p/me-comprometi-contigo-y-cumplo-mi,everyone,newsletter,texto_normal,body_html,,0,,0,none,,0,,,PENDIENTE,Preparado para extracción final
Guarda este mail para cuando seas presidente de tú Comunidad..,¿Cómo tributan los recibos de alquiler con IBI? Claves de IVA e IRPF,2025-02-11T06:30:58.631Z,https://fiscalizarte.substack.com/p/he-mentorizado-al-presidente-de-una,only_paid,newsletter,texto_normal,body_html,,0,,0,none,,0,,,PENDIENTE,Preparado para extracción final
Debes leer este mail sino quieres ser engañado/a..,Trabajo de campo y oportunidad con un 50% de descuento.,2025-02-08T07:44:59.702Z,https://fiscalizarte.substack.com/p/debes-leer-este-mail-sino-quieres,everyone,newsletter,texto_normal,body_html,,0,,0,none,,0,,,PENDIENTE,Preparado para extracción final
He conseguido ahorrar 24.080 euros a un inversor..,,2025-02-06T06:10:47.355Z,https://fiscalizarte.substack.com/p/he-conseguido-ahorrar-24080-euros,only_paid,newsletter,texto_normal,body_html,,0,,0,none,,0,,,PENDIENTE,Preparado para extracción final
No puedes cometer estos ERRORES,Préstamo entre particulares.,2025-02-04T08:52:56.772Z,https://fiscalizarte.substack.com/p/no-puedes-cometer-estos-errores,only_paid,newsletter,texto_normal,body_html,,0,,0,none,,0,,,PENDIENTE,Preparado para extracción final
El Gobierno te ´´discrimina`` como residente fiscal español..,,2025-02-03T06:31:16.383Z,https://fiscalizarte.substack.com/p/el-gobierno-te-discrimina-como-residente,everyone,newsletter,texto_normal,body_html,,0,,0,none,,0,,,PENDIENTE,Preparado para extracción final
Lo que no te estoy contando (pero debería),Hay una parte de la historia que no te estoy contando.,2025-02-02T08:11:50.133Z,https://fiscalizarte.substack.com/p/lo-que-no-te-estoy-contando-pero,everyone,newsletter,texto_normal,body_html,,0,,0,none,,0,,,PENDIENTE,Preparado para extracción final
Si te planteas hacer un CAMBIO DE USO..,debes imprimir este mail y ponerlo en tu mesita de noche,2025-02-01T07:49:32.772Z,https://fiscalizarte.substack.com/p/si-te-planteas-hacer-un-cambio-de,everyone,newsletter,texto_normal,body_html,,0,,0,none,,0,,,PENDIENTE,Preparado para extracción final
Este inversor está jodido..,Exención por reinversión en vivienda habitual.,2025-01-30T11:46:42.272Z,https://fiscalizarte.substack.com/p/este-inversor-esta-jodido,everyone,newsletter,texto_normal,body_html,,0,,0,none,,0,,,PENDIENTE,Preparado para extracción final
He vendido una vivienda que he tenido ALQUILADA previamente..,y además ha sido mi vivienda habitual.,2025-01-29T13:01:27.364Z,https://fiscalizarte.substack.com/p/he-vendido-una-vivienda-que-he-tenido,only_paid,newsletter,texto_normal,body_html,,0,,0,none,,0,,,PENDIENTE,Preparado para extracción final
¿Alquilas habitaciones en tu vivienda habitual? Así afecta a tu IRPF y a la exención por venta de vivienda habitual,,2025-01-28T13:03:39.104Z,https://fiscalizarte.substack.com/p/alquilas-habitaciones-en-tu-vivienda,everyone,newsletter,texto_normal,body_html,,0,,0,none,,0,,,PENDIENTE,Preparado para extracción final
12 euros.,la cultura del ´´todogratismo``,2025-01-27T08:14:33.454Z,https://fiscalizarte.substack.com/p/el-mail-que-estabas-esperando,everyone,newsletter,texto_normal,body_html,,0,,0,none,,0,,,PENDIENTE,Preparado para extracción final
¿ITP al 5% en Comunidad Valenciana?,esta es la REALIDAD,2025-01-25T11:23:45.493Z,https://fiscalizarte.substack.com/p/itp-al-5-en-comunidad-valenciana,everyone,newsletter,texto_normal,body_html,,0,,0,none,,0,,,PENDIENTE,Preparado para extracción final
Implementa está ESTRATEGIA de inversión y tu patrimonio crecerá EXPONENCIALMENTE.,Estrategia y ciclos económicos.,2025-01-23T06:30:46.467Z,https://fiscalizarte.substack.com/p/implementa-esta-estrategia-de-inversion,everyone,newsletter,texto_normal,body_html,,0,,0,none,,0,,,PENDIENTE,Preparado para extracción final
Verdades de la inversión en el sector inmobiliario,3+1 verdades a la hora de invertir en el sector inmobiliario,2025-01-21T12:45:42.085Z,https://fiscalizarte.substack.com/p/verdades-de-la-inversion-en-el-sector,everyone,newsletter,texto_normal,body_html,,0,,0,none,,0,,,PENDIENTE,Preparado para extracción final
Comprar pisos para alquilar NO es la opción fiscal más óptima,Rendimiento de Capital Mobiliario = Tu salvación fiscal en 2025,2025-01-20T13:32:34.578Z,https://fiscalizarte.substack.com/p/comprar-pisos-para-alquilar-no-es,everyone,newsletter,texto_normal,body_html,,0,,0,none,,0,,,PENDIENTE,Preparado para extracción final
Cómo sacar dinero de tu SL sin que Hacienda te coma vivo,"es decir, pagando MUY POCO",2025-01-16T07:05:41.594Z,https://fiscalizarte.substack.com/p/como-sacar-dinero-de-tu-sl-sin-que,everyone,newsletter,texto_normal,body_html,,0,,0,none,,0,,,PENDIENTE,Preparado para extracción final
El mejor truco para escalar una cartera de inmuebles..,,2025-01-14T07:05:40.109Z,https://fiscalizarte.substack.com/p/te-cuento-el-mayor-truco,everyone,newsletter,texto_normal,body_html,,0,,0,none,,0,,,PENDIENTE,Preparado para extracción final
Este concepto fiscal será tu salvación en 2025,y no es clickbait.,2025-01-12T16:38:39.929Z,https://fiscalizarte.substack.com/p/este-concepto-fiscal-sera-tu-salvacion,everyone,newsletter,texto_normal,body_html,,0,,0,none,,0,,,PENDIENTE,Preparado para extracción final
Si tienes inmuebles alquilados y perteneces a este colectivo..,estás siendo ´´MAL-TRATADO`` fiscalmente,2025-01-11T07:38:20.297Z,https://fiscalizarte.substack.com/p/si-tienes-inmuebles-alquilados-y,everyone,newsletter,texto_normal,body_html,,0,,0,none,,0,,,PENDIENTE,Preparado para extracción final
"Si gestionas habitaciones o pisos de otros inversores, DEBES leer esto..",para ahorrar DINERO en impuestos..,2025-01-09T13:03:44.286Z,https://fiscalizarte.substack.com/p/gestionas-alquileres-por-habitaciones,everyone,newsletter,texto_normal,body_html,,0,,0,none,,0,,,PENDIENTE,Preparado para extracción final
Método para ahorrar hasta 10.000 euros..,,2025-01-05T08:16:37.772Z,https://fiscalizarte.substack.com/p/metodo-para-ahorrar-hasta-10000-euros,everyone,newsletter,texto_normal,body_html,,0,,0,none,,0,,,PENDIENTE,Preparado para extracción final
¿Intermedias en el alquiler de viviendas vacacionales? Esto es lo que debes saber sobre el IVA,,2025-01-02T10:13:16.004Z,https://fiscalizarte.substack.com/p/intermedias-en-el-alquiler-de-viviendas,everyone,newsletter,texto_normal,body_html,,0,,0,none,,0,,,PENDIENTE,Preparado para extracción final
Cerramos 2024 y Abrimos 2025,,2024-12-31T09:15:52.193Z,https://fiscalizarte.substack.com/p/cerramos-2024-y-abrimos-2025,everyone,newsletter,texto_normal,body_html,,0,,0,none,,0,,,PENDIENTE,Preparado para extracción final
¿Persona física o sociedad? La gran pregunta en inversión inmobiliaria,,2024-12-29T19:30:32.019Z,https://fiscalizarte.substack.com/p/persona-fisica-o-sociedad-la-gran,everyone,newsletter,texto_normal,body_html,,0,,0,none,,0,,,PENDIENTE,Preparado para extracción final
¿Alquiler de casas rurales? Cuidado con el IVA y el IAE,"Fiscalizarte, una newsletter sobre Fiscalidad e Inversión Inmobiliaria, ¡simple y directa!",2024-12-28T08:01:05.761Z,https://fiscalizarte.substack.com/p/alquiler-de-casas-rurales-cuidado,everyone,newsletter,texto_normal,body_html,,0,,0,none,,0,,,PENDIENTE,Preparado para extracción final
¿Puedo deducir los alquileres impagados en mi declaración de la renta? Un caso práctico,"Fiscalizarte, una newsletter sobre Fiscalidad e Inversión Inmobiliaria, ¡simple y directa!",2024-12-19T06:29:52.936Z,https://fiscalizarte.substack.com/p/puedo-deducir-los-alquileres-impagos,everyone,newsletter,texto_normal,body_html,,0,,0,none,,0,,,PENDIENTE,Preparado para extracción final
🏡 ¿Vas a descalificar una vivienda protegida? Esto es lo que debes saber sobre los gastos deducibles,"Fiscalizarte, una newsletter sobre Fiscalidad e Inversión Inmobiliaria, ¡simple y directa!",2024-12-17T06:29:32.525Z,https://fiscalizarte.substack.com/p/vas-a-descalificar-una-vivienda-protegida,everyone,newsletter,texto_normal,body_html,,0,,0,none,,0,,,PENDIENTE,Preparado para extracción final
¿Es DICIEMBRE el mes de los descuentos inmobiliarios? Te cuento los números de mi siguiente operación...,"Fiscalizarte, una newsletter sobre Fiscalidad e Inversión Inmobiliaria, ¡simple y directa!",2024-12-15T09:30:42.124Z,https://fiscalizarte.substack.com/p/es-diciembre-el-mes-de-los-descuentos,everyone,newsletter,texto_normal,body_html,,0,,0,none,,0,,,PENDIENTE,Preparado para extracción final
"🏢 Alquileres, comunidades de bienes y fiscalidad: ¿Qué pasa con el ITP y el IRPF?","Fiscalizarte, una newsletter sobre Fiscalidad e Inversión Inmobiliaria, ¡simple y directa!",2024-12-12T06:29:45.954Z,https://fiscalizarte.substack.com/p/alquileres-comunidades-de-bienes,everyone,newsletter,texto_normal,body_html,,0,,0,none,,0,,,PENDIENTE,Preparado para extracción final
🏠 ¿Alquilar mi vivienda a una empresa? Ojo con el IVA y el IRPF,"Fiscalizarte, una newsletter sobre Fiscalidad e Inversión Inmobiliaria, ¡simple y directa!",2024-12-10T06:29:35.754Z,https://fiscalizarte.substack.com/p/alquilar-mi-vivienda-a-una-empresa,everyone,newsletter,texto_normal,body_html,,0,,0,none,,0,,,PENDIENTE,Preparado para extracción final
Consulta de un cliente: ¿Puedo arrendar mi inmueble como vivienda y qué implica fiscalmente? 🏠,"Fiscalizarte, una newsletter sobre fiscalidad e inversión inmobiliaria, ¡simple y directa!",2024-12-05T06:29:40.002Z,https://fiscalizarte.substack.com/p/consulta-de-un-cliente-puedo-arrendar,everyone,newsletter,texto_normal,body_html,,0,,0,none,,0,,,PENDIENTE,Preparado para extracción final
¿Sabías que puedes donar el usufructo de un inmueble a tu hijo y cómo impacta eso en tu fiscalidad? 🏠💡,"Fiscalizarte, una newsletter sobre fiscalidad e inversión inmobiliaria, ¡simple y directa!",2024-12-03T06:29:12.760Z,https://fiscalizarte.substack.com/p/sabias-que-puedes-donar-el-usufructo,everyone,newsletter,texto_normal,body_html,,0,,0,none,,0,,,PENDIENTE,Preparado para extracción final
"¡Atención, propietarios de inmuebles para alquiler turístico! 🏡💼","Fiscalizarte, una newsletter sobre fiscalidad e inversión inmobiliaria, ¡simple y directa!",2024-11-28T06:29:52.482Z,https://fiscalizarte.substack.com/p/atencion-propietarios-de-inmuebles,everyone,newsletter,texto_normal,body_html,,0,,0,none,,0,,,PENDIENTE,Preparado para extracción final
¿Puedo deducir las obras de eficiencia energética si alquilo mi casa como vivienda turística?,"Fiscalizarte, una newsletter sobre fiscalidad e inversión inmobiliaria, ¡simple y directa!",2024-11-26T06:29:27.708Z,https://fiscalizarte.substack.com/p/puedo-deducir-las-obras-de-eficiencia,everyone,newsletter,texto_normal,body_html,,0,,0,none,,0,,,PENDIENTE,Preparado para extracción final
¿Estás cediendo tu vivienda en usufructo? Descubre qué gastos puedes deducir y cómo optimizar tu declaración de la renta.,"Fiscalizarte, una newsletter sobre fiscalidad e inversión inmobiliaria, ¡simple y directa!",2024-11-21T06:29:50.151Z,https://fiscalizarte.substack.com/p/estas-cediendo-tu-vivienda-en-usufructo,everyone,newsletter,texto_normal,body_html,,0,,0,none,,0,,,PENDIENTE,Preparado para extracción final
¿Hiciste reformas en una casa antes de venderla? Esto es lo que Hacienda tiene en cuenta 🔧🏠,"Fiscalizarte, una newsletter sobre fiscalidad e inversión inmobiliaria, ¡simple y directa!",2024-11-19T06:35:37.056Z,https://fiscalizarte.substack.com/p/hiciste-reformas-en-una-casa-antes,everyone,newsletter,texto_normal,body_html,,0,,0,none,,0,,,PENDIENTE,Preparado para extracción final
¿Sabías que puedes deducir los gastos de reparación de tus pisos en alquiler? 🛠️💸,"Fiscalizarte, una newsletter sobre fiscalidad e inversión inmobiliaria, ¡simple y directa!",2024-11-16T08:58:27.157Z,https://fiscalizarte.substack.com/p/sabias-que-puedes-deducir-los-gastos,everyone,newsletter,texto_normal,body_html,,0,,0,none,,0,,,PENDIENTE,Preparado para extracción final
Ejemplo de un cliente con una operación de Flipping House...,"Fiscalizarte, una newsletter sobre fiscalidad e inversión inmobiliaria, ¡simple y directa!",2024-10-27T08:51:49.433Z,https://fiscalizarte.substack.com/p/ejemplo-de-un-cliente-con-una-operacion,everyone,newsletter,texto_normal,body_html,,0,,0,none,,0,,,PENDIENTE,Preparado para extracción final
Pasos para constituir una S.L y hacer Flipping Houses...,"Fiscalizarte, una newsletter sobre fiscalidad e inversión inmobiliaria, ¡simple y directa",2024-10-20T07:56:41.316Z,https://fiscalizarte.substack.com/p/pasos-para-constituir-una-sl-y-hacer,everyone,newsletter,texto_normal,body_html,,0,,0,none,,0,,,PENDIENTE,Preparado para extracción final
¿Cómo adquirir S.L inactivas?,"Fiscalizarte, una newsletter sobre fiscalidad e inversión inmobiliaria, ¡simple y directa!",2024-10-13T07:55:43.020Z,https://fiscalizarte.substack.com/p/como-adquirir-sl-inactivas,everyone,newsletter,texto_normal,body_html,,0,,0,none,,0,,,PENDIENTE,Preparado para extracción final
Comprar S.L inactivas para invertir en el sector Inmobiliario....,"Fiscalizarte, una newsletter sobre fiscalidad e inversión inmobiliaria, ¡simple y directa!",2024-10-06T07:45:47.540Z,https://fiscalizarte.substack.com/p/comprar-sl-inactivas-para-invertir,everyone,newsletter,texto_normal,body_html,,0,,0,none,,0,,,PENDIENTE,Preparado para extracción final
Una de las grandes ventajas fiscales en la inversión inmobiliaria... ,"Fiscalizarte, una newsletter sobre fiscalidad e inversión inmobiliaria, ¡simple y directa!",2024-09-21T07:45:51.750Z,https://fiscalizarte.substack.com/p/una-de-las-grandes-ventajas-fiscales,everyone,newsletter,texto_normal,body_html,,0,,0,none,,0,,,PENDIENTE,Preparado para extracción final
¿Cuánto cuesta aportar un inmueble a una Sociedad?,"Fiscalizarte, una newsletter sobre fiscalidad e inversión inmobiliaria, ¡simple y directa!",2024-09-14T07:45:55.609Z,https://fiscalizarte.substack.com/p/cuanto-cuesta-aportar-un-inmueble,everyone,newsletter,texto_normal,body_html,,0,,0,none,,0,,,PENDIENTE,Preparado para extracción final
La estructura fiscal que utilizan los ricos/políticos....,"Fiscalizarte, una newsletter sobre fiscalidad e inversión inmobiliaria, ¡simple y directa! ",2024-09-07T07:48:08.619Z,https://fiscalizarte.substack.com/p/la-estructura-fiscal-que-utilizan,everyone,newsletter,texto_normal,body_html,,0,,0,none,,0,,,PENDIENTE,Preparado para extracción final
¿La mejor estructura fiscal?,"Fiscalizarte, una newsletter sobre fiscalidad e inversión inmobiliaria, ¡simple y directa! ",2024-09-01T13:42:35.427Z,https://fiscalizarte.substack.com/p/la-mejor-estructura-fiscal,everyone,newsletter,texto_normal,body_html,,0,,0,none,,0,,,PENDIENTE,Preparado para extracción final
Hacienda ataca... y ¡fuerte!,"Fiscalizarte, una newsletter sobre fiscalidad e inversión inmobiliaria, ¡simple y directa!",2024-08-15T08:29:16.511Z,https://fiscalizarte.substack.com/p/hacienda-ataca-y-fuerte,everyone,newsletter,texto_normal,body_html,,0,,0,none,,0,,,PENDIENTE,Preparado para extracción final
Mi última gran operación con miembros de mi Comunidad...,"Fiscalizarte, una newsletter sobre fiscalidad e inversión inmobiliaria, ¡simple y directa!",2024-06-27T15:21:22.676Z,https://fiscalizarte.substack.com/p/mi-ultima-gran-operacion-con-miembros,everyone,newsletter,texto_normal,body_html,,0,,0,none,,0,,,PENDIENTE,Preparado para extracción final
Constituyo una SL para invertir... ¡te explico el porqué!,"Fiscalizarte, una newsletter sobre fiscalidad e inversión inmobiliaria, ¡simple y directa!",2024-05-18T08:29:41.077Z,https://fiscalizarte.substack.com/p/constituyo-una-sl-para-invertir-te,everyone,newsletter,texto_normal,body_html,,0,,0,none,,0,,,PENDIENTE,Preparado para extracción final
Cómo Adrián va a comprar su primer piso sin ahorros....,"Fiscalizarte, una newsletter sobre fiscalidad e inversión inmobiliaria, ¡simple y directa!",2024-03-14T18:55:08.877Z,https://fiscalizarte.substack.com/p/como-adrian-va-a-comprar-su-primer,everyone,newsletter,texto_normal,body_html,,0,,0,none,,0,,,PENDIENTE,Preparado para extracción final
No cometas este grave error al declarar tus alquileres,"Fiscalizarte, una newsletter sobre fiscalidad e inversión inmobiliaria, ¡simple y directa!",2024-03-07T19:00:34.982Z,https://fiscalizarte.substack.com/p/no-cometas-este-grave-error-al-declarar,everyone,newsletter,texto_normal,body_html,,0,,0,none,,0,,,PENDIENTE,Preparado para extracción final
AVALES ICO: ¿En qué consisten?,"Fiscalizarte, una newsletter sobre fiscalidad e inversión inmobiliaria, ¡simple y directa!",2024-03-03T10:00:35.413Z,https://fiscalizarte.substack.com/p/avales-ico-en-que-consisten,everyone,newsletter,texto_normal,body_html,,0,,0,none,,0,,,PENDIENTE,Preparado para extracción final
Hacer Flips sale más ´´barato`` bajo esta modalidad,"Fiscalizarte, una newsletter sobre fiscalidad e inversión inmobiliaria, ¡simple y directa!",2024-02-28T19:58:32.783Z,https://fiscalizarte.substack.com/p/hacer-flips-sale-mas-barato-bajo,everyone,newsletter,texto_normal,body_html,,0,,0,none,,0,,,PENDIENTE,Preparado para extracción final
Incendio del edificio de Valencia: ¿Cómo funciona el seguro de hogar?,"Fiscalizarte, una newsletter sobre fiscalidad e inversión inmobiliaria, ¡simple y directa!",2024-02-25T20:55:02.077Z,https://fiscalizarte.substack.com/p/incendio-del-edificio-de-valencia,everyone,newsletter,texto_normal,body_html,,0,,0,none,,0,,,PENDIENTE,Preparado para extracción final
Esta estrategia de inversión no la verás en cualquier sitio...,"Fiscalizarte, una newsletter sobre fiscalidad e inversión inmobiliaria, ¡simple y directa!",2024-02-22T05:55:11.995Z,https://fiscalizarte.substack.com/p/esta-estrategia-de-inversion-no-la,everyone,newsletter,texto_normal,body_html,,0,,0,none,,0,,,PENDIENTE,Preparado para extracción final
"¿Estás teniendo en cuenta tu IRPF marginal en tus inversiones? Sino es así, ¡esto te interesa!","Fiscalizarte, una newsletter sobre fiscalidad e inversión inmobiliaria, ¡simple y directa!",2024-02-15T05:55:06.368Z,https://fiscalizarte.substack.com/p/estas-teniendo-en-cuenta-tu-irpf,everyone,newsletter,texto_normal,body_html,,0,,0,none,,0,,,PENDIENTE,Preparado para extracción final
ITP: ¿Cómo afecta a tu inversión inmobiliaria?,"Fiscalizarte, una newsletter sobre fiscalidad e inversión inmobiliaria, ¡simple y directa!",2024-02-08T20:59:27.708Z,https://fiscalizarte.substack.com/p/itp-como-afecta-a-tu-inversion-inmobiliaria,everyone,newsletter,texto_normal,body_html,,0,,0,none,,0,,,PENDIENTE,Preparado para extracción final
"Si haces Rent to Rent, ¡esto te interesa!","Fiscalizarte, una newsletter sobre fiscalidad e inversión inmobiliaria, ¡simple y directa!",2024-02-01T05:45:03.090Z,https://fiscalizarte.substack.com/p/si-haces-rent-to-rent-esto-te-interesa,everyone,newsletter,texto_normal,body_html,,0,,0,none,,0,,,PENDIENTE,Preparado para extracción final
Nueva apuesta de la Comunidad de Madrid en su oferta de vivienda de obra nueva.,"Fiscalizarte, una newsletter sobre fiscalidad e inversión inmobiliaria, ¡simple y directa!",2024-01-27T09:37:27.543Z,https://fiscalizarte.substack.com/p/nueva-apuesta-de-la-comunidad-de,everyone,newsletter,texto_normal,body_html,,0,,0,none,,0,,,PENDIENTE,Preparado para extracción final
"No entiendo el concepto de amortización de IRPF, ¿Se corresponde con el importe de amortización de la cuota de la hipoteca? ","Fiscalizarte, una newsletter sobre fiscalidad inmobiliaria, ¡simple y directa!",2024-01-24T16:20:17.084Z,https://fiscalizarte.substack.com/p/no-entiendo-el-concepto-de-amortizacion,everyone,newsletter,texto_normal,body_html,,0,,0,none,,0,,,PENDIENTE,Preparado para extracción final
Directo y al grano!,"Fiscalizarte, una newsletter sobre fiscalidad inmobiliaria, ¡simple y directa!",2024-01-15T15:58:32.989Z,https://fiscalizarte.substack.com/p/directo-y-al-grano,everyone,newsletter,texto_normal,body_html,,0,,0,none,,0,,,PENDIENTE,Preparado para extracción final
¿Sabes que es el IRPF?,"Fiscalizarte, una newsletter sobre fiscalidad inmobiliaria, ¡simple y directa!",2024-01-15T09:34:02.469Z,https://fiscalizarte.substack.com/p/sabes-que-es-el-irpf,everyone,newsletter,texto_normal,body_html,,0,,0,none,,0,,,PENDIENTE,Preparado para extracción final
Es importante saberlo!,"Fiscalizarte, una newsletter sobre fiscalidad inmobiliaria ¡simple y directa!",2024-01-15T09:08:33.857Z,https://fiscalizarte.substack.com/p/es-importante-saberlo,everyone,newsletter,texto_normal,body_html,,0,,0,none,,0,,,PENDIENTE,Preparado para extracción final
