id,titulo,url,fecha,tipo,estado,tiene_texto_md,tiene_json,longitud_texto,posible_paywall,posible_duplicado,tiene_transcripcion,observaciones
1,#Clase 32: El régimen fiscal que puede ahorrarte una hostia de impuestos al aportar tus inmuebles a una sociedad.,https://fiscalizarte.substack.com/p/clase-32-el-regimen-fiscal-que-puede,2026-05-18T15:13:24.320Z,video_o_podcast_principal_con_transcripcion_substack,OK,Sí,Sí,26186,Sí,No,Sí,posible_paywall; con_transcripcion; con_multimedia; media_ids
2,La villa en Lombok que parecía una gran inversión… hasta que apareció Hacienda,https://fiscalizarte.substack.com/p/la-villa-en-lombok-que-parecia-una,2026-05-18T06:32:25.249Z,texto_normal,OK,Sí,Sí,6235,No,No,No,
3,El error fiscal que veo en el 95% de inversores inmobiliarios.,https://fiscalizarte.substack.com/p/el-error-fiscal-que-veo-en-el-95,2026-05-11T07:54:59.231Z,texto_normal,OK,Sí,Sí,6589,No,No,No,
4,Tu gestor puede estar metiéndote en un problema fiscal sin que te enteres.,https://fiscalizarte.substack.com/p/tu-gestor-puede-estar-metiendote,2026-05-09T08:00:47.892Z,texto_normal,OK,Sí,Sí,7481,No,No,No,
5,#Clase 31: Cómo leer la contabilidad básica de una sociedad de capital aunque no seas contable.,https://fiscalizarte.substack.com/p/clase-31-como-leer-la-contabilidad,2026-05-04T06:10:29.531Z,video_o_podcast_principal_con_transcripcion_substack,OK,Sí,Sí,75267,Sí,No,Sí,posible_paywall; con_transcripcion; con_multimedia; media_ids
6,#Clase 30: Clase BOMBA: así realizo una auditoría fiscal-patrimonial de un inversor de mi comunidad.,https://fiscalizarte.substack.com/p/clase-30-clase-bomba-asi-realizo,2026-04-29T11:09:59.625Z,video_o_podcast_principal_con_transcripcion_substack,OK,Sí,Sí,45608,Sí,No,Sí,posible_paywall; con_transcripcion; con_multimedia; media_ids
7,"¿Sociedad limitada para hacer flipping?
No siempre. Y ese es justo el error que comete mucha gente",https://fiscalizarte.substack.com/p/sociedad-limitada-para-hacer-flipping,2026-04-19T08:50:23.190Z,texto_normal,OK,Sí,Sí,3534,No,No,No,
8,Le he ahorrado a un inversor 1.200€ en su declaración de la renta.,https://fiscalizarte.substack.com/p/le-he-ahorrado-a-un-inversor-1200,2026-04-16T08:53:33.036Z,texto_normal,OK,Sí,Sí,2330,No,No,No,
9,Así le he ahorrado 2.200€ a un inversor que estaba declarando mal sus inmuebles..,https://fiscalizarte.substack.com/p/asi-le-he-ahorrado-2200-a-un-inversor,2026-04-09T14:52:54.065Z,texto_normal,OK,Sí,Sí,2437,No,No,No,
10,#Clase 29: Esta clase 29 de Fiscalizarte no es una clase cualquiera...,https://fiscalizarte.substack.com/p/clase-29-esta-clase-29-de-fiscalizarte,2026-04-06T07:39:53.161Z,video_o_podcast_principal_con_transcripcion_substack,OK,Sí,Sí,76885,Sí,No,Sí,posible_paywall; con_transcripcion; con_multimedia; media_ids
11,Estar autorizado en una cuenta no significa que el dinero sea tuyo,https://fiscalizarte.substack.com/p/estar-autorizado-en-una-cuenta-no,2026-04-01T07:20:42.080Z,texto_normal,OK,Sí,Sí,5199,Sí,No,No,posible_paywall
12,Clase 28 ya disponible: así se declara la venta de un inmueble en la renta.,https://fiscalizarte.substack.com/p/clase-28-ya-disponible-asi-se-declara,2026-03-28T08:06:43.029Z,video_o_podcast_principal_con_transcripcion_substack,OK,Sí,Sí,37727,Sí,No,Sí,posible_paywall; con_transcripcion; con_multimedia; media_ids
13,Error típico con socios o promotores extranjeros: pensar que su NIF de fuera basta en España,https://fiscalizarte.substack.com/p/error-tipico-con-socios-o-promotores,2026-03-25T09:13:40.520Z,texto_normal,OK,Sí,Sí,4752,Sí,No,No,posible_paywall
14,#Clase 27: Declara tus pisos por habitaciones de esta forma y ahorra impuestos.,https://fiscalizarte.substack.com/p/clase-27-declara-tus-pisos-por-habitaciones,2026-03-20T17:17:55.328Z,video_o_podcast_principal_con_transcripcion_substack,OK,Sí,Sí,12973,Sí,No,Sí,posible_paywall; con_transcripcion; con_multimedia; media_ids
15,El Supremo te da munición para blindar la reducción del 95% en donaciones,https://fiscalizarte.substack.com/p/el-supremo-te-da-municion-para-blindar,2026-03-18T10:30:37.956Z,texto_normal,OK,Sí,Sí,6562,Sí,No,No,posible_paywall
16,#Clase 5: Análisis real in situ de una operación de CDR con un 50% de rentabilidad..,https://fiscalizarte.substack.com/p/clase-5-analisis-real-in-situ-de,2026-03-14T07:45:35.741Z,video_o_podcast_principal_con_transcripcion_substack,OK,Sí,Sí,40824,Sí,No,Sí,posible_paywall; con_transcripcion; con_multimedia; media_ids
17,“Somos 5 hermanos y ya no nos soportamos”: cómo separar la SL de alquiler SIN palo fiscal.,https://fiscalizarte.substack.com/p/somos-5-hermanos-y-ya-no-nos-soportamos,2026-03-11T08:44:37.433Z,texto_normal,OK,Sí,Sí,4017,Sí,No,No,posible_paywall
18,Préstamo participativo en inmobiliarias: el error que te puede costar el IS (DGT V2152-25),https://fiscalizarte.substack.com/p/prestamo-participativo-en-inmobiliarias,2026-03-04T08:40:02.502Z,texto_normal,OK,Sí,Sí,3594,Sí,No,No,posible_paywall
19,No residente + Patrimonio en España: el “límite del 60%” ya te protege (TEAC 27/01/2026),https://fiscalizarte.substack.com/p/no-residente-patrimonio-en-espana,2026-02-25T08:31:12.816Z,texto_normal,OK,Sí,Sí,2789,Sí,No,No,posible_paywall
20,Empresa inmobiliaria + empleado familiar: el TSJ de Cataluña frena el “no” automático de Hacienda,https://fiscalizarte.substack.com/p/empresa-inmobiliaria-empleado-familiar,2026-02-18T08:12:22.770Z,texto_normal,OK,Sí,Sí,3241,Sí,No,No,posible_paywall
21,El TC te lo deja claro: el “valor de referencia” no cae (y te toca jugar con sus reglas),https://fiscalizarte.substack.com/p/el-tc-te-lo-deja-claro-el-valor-de,2026-02-14T08:25:15.726Z,texto_normal,OK,Sí,Sí,3322,No,No,No,
22,Madrid: ¿puedes aplicar el 4% de ITP si el 3º hijo está concebido pero no ha nacido?,https://fiscalizarte.substack.com/p/madrid-puedes-aplicar-el-4-de-itp,2026-02-11T08:02:29.604Z,texto_normal,OK,Sí,Sí,3442,Sí,No,No,posible_paywall
23,Tu gestor te puede costar 10.000€ en un flip (y ni se entera),https://fiscalizarte.substack.com/p/tu-gestor-te-puede-costar-10000-en,2026-02-09T09:31:03.951Z,texto_normal,OK,Sí,Sí,2038,No,No,No,
24,ITP Madrid: puedes aplicar el 2% aunque tu CNAE “no sea inmobiliario”,https://fiscalizarte.substack.com/p/itp-madrid-puedes-aplicar-el-2-aunque,2026-02-04T10:03:16.913Z,texto_normal,OK,Sí,Sí,2998,Sí,No,No,posible_paywall
25,#Actualización 3: Reto 35.000€ — Del 12 al 23 de enero: el mercado pagó… y yo ya tengo el primer piso reservado,https://fiscalizarte.substack.com/p/actualizacion-3-reto-35000-del-12,2026-01-25T08:36:57.546Z,texto_normal,OK,Sí,Sí,2745,No,No,No,
26,#Clase 26 — Alquiler con opción a compra (AOC): la estrategia “fácil” que Hacienda te puede romper.,https://fiscalizarte.substack.com/p/clase-26-alquiler-con-opcion-a-compra,2026-01-24T09:25:31.575Z,video_o_podcast_principal_con_transcripcion_substack,OK,Sí,Sí,27787,Sí,No,Sí,posible_paywall; con_transcripcion; con_multimedia; media_ids
27,Cantabria revienta el “valor de referencia” cuando el inmueble está hecho polvo,https://fiscalizarte.substack.com/p/cantabria-revienta-el-valor-de-referencia,2026-01-21T09:52:25.605Z,texto_normal,OK,Sí,Sí,4013,Sí,No,No,posible_paywall
28,#Actualización 2: Reto 35.000€: el mercado me ha dado la razón (de momento),https://fiscalizarte.substack.com/p/actualizacion-2-reto-35000-el-mercado,2026-01-21T07:57:52.436Z,texto_normal,OK,Sí,Sí,1927,No,No,No,
29,#Clase 25: 100% IRPF en alquiler: la letra pequeña que te interesa de verdad.,https://fiscalizarte.substack.com/p/clase-25-100-irpf-en-alquiler-la,2026-01-15T17:01:13.763Z,video_o_podcast_principal_con_transcripcion_substack,OK,Sí,Sí,15725,Sí,No,Sí,posible_paywall; con_transcripcion; con_multimedia; media_ids
30,Tú socio vive en Suecia y vais a liquidar: el detalle que decide si tributas en España.,https://fiscalizarte.substack.com/p/tu-socio-vive-en-suecia-y-vais-a,2026-01-14T09:00:49.056Z,texto_normal,OK,Sí,Sí,5192,Sí,No,No,posible_paywall
31,#Actualización 1: El reto de los 35.000€: primer movimiento (y el más importante),https://fiscalizarte.substack.com/p/actualizacion-1-el-reto-de-los-35000,2026-01-12T07:31:58.266Z,texto_normal,OK,Sí,Sí,2725,No,No,No,
32,# Clase 4: Analizo una operación de NPL in situ y con documentación real.,https://fiscalizarte.substack.com/p/clase-4-analizo-una-operacion-de,2026-01-11T15:19:05.511Z,video_o_podcast_principal_con_transcripcion_substack,OK,Sí,Sí,37660,Sí,No,Sí,posible_paywall; con_transcripcion; con_multimedia; media_ids
33,He sacado 35.000€ sin vender (y voy a enseñarte el recorrido),https://fiscalizarte.substack.com/p/he-sacado-35000-sin-vender-y-voy,2026-01-07T16:18:16.760Z,texto_normal,OK,Sí,Sí,4652,No,No,No,
34,Pagas el 100% de la hipoteca… pero Hacienda solo te deja deducir el 33%.,https://fiscalizarte.substack.com/p/pagas-el-100-de-la-hipoteca-pero,2026-01-07T08:47:54.863Z,texto_normal,OK,Sí,Sí,3478,Sí,No,No,posible_paywall
35,"🚨 #Clase 24: tres inversores, tres vidas… y una decisión que te puede ahorrar (o costar) mucho dinero",https://fiscalizarte.substack.com/p/clase-24-tres-inversores-tres-vidas,2026-01-05T17:19:35.970Z,video_o_podcast_principal_con_transcripcion_substack,OK,Sí,Sí,34464,Sí,No,Sí,posible_paywall; con_transcripcion; con_multimedia; media_ids
36,Herencias y donaciones: el número que Hacienda ya tiene… y tú aún no,https://fiscalizarte.substack.com/p/herencias-y-donaciones-el-numero,2025-12-31T07:03:13.280Z,texto_normal,OK,Sí,Sí,5756,Sí,No,No,posible_paywall
37,#CLASE 23: APLICA ESTA ESTRATEGIA DE INGENERIA FISCAL (Y AHORRA IMPUESTOS CON NÚMEROS REALES).,https://fiscalizarte.substack.com/p/clase-23-aplica-esta-estrategia-de,2025-12-30T11:25:43.773Z,video_o_podcast_principal_con_transcripcion_substack,OK,Sí,Sí,27762,Sí,No,Sí,posible_paywall; con_transcripcion; con_multimedia; media_ids
38,He cerrado el año con esta operación....,https://fiscalizarte.substack.com/p/he-cerrado-el-ano-con-esta-operacion,2025-12-30T08:23:25.337Z,texto_normal,OK,Sí,Sí,4153,No,No,No,
39,Salir de una SL tras una bronca: el error fiscal que te puede costar miles de euros.,https://fiscalizarte.substack.com/p/salir-de-una-sl-tras-una-bronca-el,2025-12-26T08:41:14.009Z,texto_normal,OK,Sí,Sí,3951,Sí,No,No,posible_paywall
40,Cómo arruinar tu nueva SL por culpa de la vieja (y de Hacienda)...,https://fiscalizarte.substack.com/p/como-arruinar-tu-nueva-sl-por-culpa,2025-12-24T06:56:21.101Z,texto_normal,OK,Sí,Sí,7036,Sí,No,No,posible_paywall
41,#Clase 22: Planificación fiscal con JERO ´´Inversor de la Comunidad Fiscalizarte``,https://fiscalizarte.substack.com/p/clase-22-planificacion-fiscal-con,2025-12-22T11:34:57.308Z,video_o_podcast_principal_con_transcripcion_substack,OK,Sí,Sí,20685,Sí,No,Sí,posible_paywall; con_transcripcion; con_multimedia; media_ids
42,Te cuento un caso real de un inversor al que asesoré...,https://fiscalizarte.substack.com/p/te-cuento-un-caso-real-de-un-inversor,2025-12-20T10:11:36.226Z,texto_normal,OK,Sí,Sí,4075,No,No,No,
43,“¿Qué tengo que hacer antes de fin de año para pagar lo mínimo posible en la renta?”,https://fiscalizarte.substack.com/p/que-tengo-que-hacer-antes-de-fin,2025-12-17T06:48:23.594Z,texto_normal,OK,Sí,Sí,4473,Sí,No,No,posible_paywall
44,Clase 3: NPLs (crédito hipotecario impagado) — donde de verdad están los descuentos,https://fiscalizarte.substack.com/p/clase-3-npls-credito-hipotecario,2025-12-15T11:25:28.812Z,video_o_podcast_principal_con_transcripcion_substack,OK,Sí,Sí,39074,Sí,No,Sí,posible_paywall; con_transcripcion; con_multimedia; media_ids
45,“¿Por qué todo el mundo me dice que cree una sociedad si ya pago menos como no residente?”,https://fiscalizarte.substack.com/p/por-que-todo-el-mundo-me-dice-que,2025-12-10T09:37:36.258Z,texto_normal,OK,Sí,Sí,3817,Sí,No,No,posible_paywall
46,¿Tengo que darme de alta en autónomos si tengo una patrimonial?,https://fiscalizarte.substack.com/p/tengo-que-darme-de-alta-en-autonomos,2025-12-03T09:34:35.624Z,texto_normal,OK,Sí,Sí,3189,Sí,No,No,posible_paywall
47,#Clase 21: ¿Cúando DEBES pasar tús inmuebles a una SOCIEDAD PATRIMONIAL?,https://fiscalizarte.substack.com/p/clase-21-cuando-debes-pasar-tus-inmuebles,2025-12-01T10:17:49.033Z,video_o_podcast_principal_con_transcripcion_substack,OK,Sí,Sí,27224,Sí,No,Sí,posible_paywall; con_transcripcion; con_multimedia; media_ids
48,Fiscalidad inmobiliaria sin humo: accede gratis a la sesión que di ayer a Comunidad Propia,https://fiscalizarte.substack.com/p/fiscalidad-inmobiliaria-sin-humo,2025-11-28T15:58:12.087Z,texto_normal,OK,Sí,Sí,2604,No,No,No,
49,"Me casé, vendí mi casa… y Hacienda quiere venir a la luna de miel",https://fiscalizarte.substack.com/p/me-case-vendi-mi-casa-y-hacienda,2025-11-26T08:31:08.634Z,texto_normal,OK,Sí,Sí,3670,Sí,No,No,posible_paywall
50,Esta lección te puede ahorrar 400.000 euros...,https://fiscalizarte.substack.com/p/esta-leccion-te-puede-ahorrar-400000,2025-11-24T13:41:20.867Z,texto_normal,OK,Sí,Sí,3462,No,No,No,
51,La fantasía del “me llevo la sociedad a otro país y me libro de Sucesiones”,https://fiscalizarte.substack.com/p/la-fantasia-del-me-llevo-la-sociedad,2025-11-19T08:27:42.519Z,texto_normal,OK,Sí,Sí,3636,Sí,No,No,posible_paywall
52,(EII) Clase sobre interpretación de Notas Simples para operaciones inmobiliarias complejas.,https://fiscalizarte.substack.com/p/eii-clase-sobre-interpretacion-de,2025-11-14T17:44:10.363Z,video_o_podcast_principal_con_transcripcion_substack,OK,Sí,Sí,35067,Sí,No,Sí,posible_paywall; con_transcripcion; con_multimedia; media_ids
53,El falso “escudo protector” de crear otra sociedad (y por qué podrías estar pagando el doble para no proteger nada).,https://fiscalizarte.substack.com/p/el-falso-escudo-protector-de-crear,2025-11-12T16:25:03.842Z,texto_normal,OK,Sí,Sí,3724,Sí,No,No,posible_paywall
54,(EII) Clase sobre inversión en Subastas de la Seguridad Social.,https://fiscalizarte.substack.com/p/eii-clase-sobre-inversion-en-subastas,2025-11-11T11:01:33.304Z,video_o_podcast_principal_con_transcripcion_substack,OK,Sí,Sí,49006,Sí,No,Sí,posible_paywall; con_transcripcion; con_multimedia; media_ids
55,Hoy inauguro algo que llevaba meses preparando...,https://fiscalizarte.substack.com/p/hoy-inauguro-algo-que-llevaba-meses,2025-11-11T10:30:54.766Z,texto_normal,OK,Sí,Sí,2080,No,No,No,
56,Ayer hubo fuego.,https://fiscalizarte.substack.com/p/ayer-hubo-fuego,2025-11-10T07:58:37.018Z,texto_normal,OK,Sí,Sí,2588,No,No,No,
57,"Sí, las cuentas en participación pagan un 1%… y no, tu asesor de siempre no tiene ni idea de por qué..",https://fiscalizarte.substack.com/p/si-las-cuentas-en-participacion-pagan,2025-11-07T08:12:15.866Z,texto_normal,OK,Sí,Sí,2708,No,No,No,
58,El error caro al “meter tus pisos” en una SL: cálculos claros para no regalar dinero a Hacienda,https://fiscalizarte.substack.com/p/el-error-caro-al-meter-tus-pisos,2025-11-05T16:20:38.213Z,texto_normal,OK,Sí,Sí,5017,Sí,No,No,posible_paywall
59,Email importante. No te pierdas este contenido.,https://fiscalizarte.substack.com/p/email-importante-no-te-pierdas-este,2025-10-29T17:07:03.619Z,texto_normal,OK,Sí,Sí,3305,No,No,No,
60,🚀 ¿Tienes criptos que se han disparado de valor? Cuidado con venderlas como particular… y atención si piensas meterlas en una SL,https://fiscalizarte.substack.com/p/tienes-criptos-que-se-han-disparado,2025-10-29T08:43:21.233Z,texto_normal,OK,Sí,Sí,4031,Sí,No,No,posible_paywall
61,"🧾 ¿Comprar, reformar y vender pisos como autónomo o como persona física? La clave fiscal que puede cambiar tu rentabilidad",https://fiscalizarte.substack.com/p/comprar-reformar-y-vender-pisos-como,2025-10-22T07:37:13.241Z,texto_normal,OK,Sí,Sí,3552,Sí,No,No,posible_paywall
62,"💻 ¿Vas a crear una sociedad sin poner dinero en efectivo? Sí, se puede… y esto es lo que debes saber sobre los impuestos",https://fiscalizarte.substack.com/p/vas-a-crear-una-sociedad-sin-poner,2025-10-15T07:29:00.173Z,texto_normal,OK,Sí,Sí,3074,Sí,No,No,posible_paywall
63,🌍 ¿Vives en el extranjero y estás invirtiendo en inmuebles en España? Entonces esta pregunta te interesa (y mucho),https://fiscalizarte.substack.com/p/vives-en-el-extranjero-y-estas-invirtiendo,2025-10-08T07:24:58.317Z,texto_normal,OK,Sí,Sí,3885,Sí,No,No,posible_paywall
64,#Clase 20: Operaciones de Flips: ¿Cuándo actividad económica?,https://fiscalizarte.substack.com/p/clase-20-operaciones-de-flips-cuando,2025-10-05T09:39:08.420Z,video_o_podcast_principal_con_transcripcion_substack,OK,Sí,Sí,24100,Sí,No,Sí,posible_paywall; con_transcripcion; con_multimedia; media_ids
65,👔 ¿Tienes una sociedad patrimonial? Ojo: podrías estar obligado a darte de alta en autónomos (aunque no lo creas),https://fiscalizarte.substack.com/p/tienes-una-sociedad-patrimonial-ojo,2025-10-01T07:19:37.783Z,texto_normal,OK,Sí,Sí,3530,Sí,No,No,posible_paywall
66,#Clase 19: Cálculo de Ganancias y Pérdidas Patrimoniales en IRPF,https://fiscalizarte.substack.com/p/clase-19-calculo-de-ganancias-y-perdidas,2025-09-28T08:53:52.043Z,video_o_podcast_principal_con_transcripcion_substack,OK,Sí,Sí,22291,Sí,No,Sí,posible_paywall; con_transcripcion; con_multimedia; media_ids
67,🏠 ¿Vendiste tu vivienda habitual tras casarte en gananciales?,https://fiscalizarte.substack.com/p/vendiste-tu-vivienda-habitual-tras,2025-09-24T08:15:31.473Z,texto_normal,OK,Sí,Sí,3410,Sí,No,No,posible_paywall
68,#Clase 18: Conoce la Base del Ahorro del IRPF.,https://fiscalizarte.substack.com/p/clase-18-conoce-la-base-del-ahorro,2025-09-22T09:39:16.475Z,video_o_podcast_principal_con_transcripcion_substack,OK,Sí,Sí,21696,Sí,No,Sí,posible_paywall; con_transcripcion; con_multimedia; media_ids
69,El peaje invisible que frena a los inversores..,https://fiscalizarte.substack.com/p/el-peaje-invisible-que-frena-a-los,2025-09-21T07:56:26.006Z,texto_normal,OK,Sí,Sí,1819,No,No,No,
70,🏢 ¿Proteger tus activos inmobiliarios creando otra sociedad?,https://fiscalizarte.substack.com/p/proteger-tus-activos-inmobiliarios,2025-09-17T08:11:30.745Z,texto_normal,OK,Sí,Sí,3569,Sí,No,No,posible_paywall
71,Holding patrimonial: ¿una buena idea o una bomba fiscal?,https://fiscalizarte.substack.com/p/holding-patrimonial-una-buena-idea,2025-09-10T11:15:12.184Z,texto_normal,OK,Sí,Sí,2197,Sí,No,No,posible_paywall
72,👉 Te estás metiendo en un lío con Hacienda y ni siquiera lo sabes..,https://fiscalizarte.substack.com/p/te-estas-metiendo-en-un-lio-con-hacienda,2025-09-09T15:16:52.185Z,texto_normal,OK,Sí,Sí,1773,No,No,No,
73,#Clase 17: Reducción por Rendimientos Irregulares y Arrendamientos con paresteco familiar.,https://fiscalizarte.substack.com/p/clase-17-reduccion-por-rendimientos,2025-09-07T07:05:18.706Z,video_o_podcast_principal_con_transcripcion_substack,OK,Sí,Sí,11334,Sí,No,Sí,posible_paywall; con_transcripcion; con_multimedia; media_ids
74,🚀 Masterclass GRATIS: Cómo pagar menos impuestos en tus inversiones inmobiliarias,https://fiscalizarte.substack.com/p/masterclass-gratis-como-pagar-menos,2025-09-04T15:24:47.969Z,texto_normal,OK,Sí,Sí,1230,No,No,No,
75,🧾 Fiscalidad Inmobiliaria | ¿Cómo se calcula la amortización fiscal de un inmueble heredado y alquilado?,https://fiscalizarte.substack.com/p/fiscalidad-inmobiliaria-como-se-calcula,2025-09-03T12:10:24.885Z,texto_normal,OK,Sí,Sí,2127,Sí,No,No,posible_paywall
76,… esto es lo que te estás perdiendo...,https://fiscalizarte.substack.com/p/esto-es-lo-que-te-estas-perdiendo,2025-08-31T07:55:00.694Z,texto_normal,OK,Sí,Sí,3707,No,No,No,
77,#Clase 16: Cálculo del Rendimiento Neto/Reducido.,https://fiscalizarte.substack.com/p/clase-16-calculo-del-rendimiento,2025-08-28T07:02:17.368Z,video_o_podcast_principal_con_transcripcion_substack,OK,Sí,Sí,17205,Sí,No,Sí,posible_paywall; con_transcripcion; con_multimedia; media_ids
78,💡 Fiscalidad inmobiliaria: el caso de la “renta garantizada” en la compraventa de locales comerciales,https://fiscalizarte.substack.com/p/fiscalidad-inmobiliaria-el-caso-de,2025-08-27T07:40:25.163Z,texto_normal,OK,Sí,Sí,3401,Sí,No,No,posible_paywall
79,🏠💼 Fiscalidad en el alquiler de apartamentos turísticos: evita errores que pueden costarte caro,https://fiscalizarte.substack.com/p/fiscalidad-en-el-alquiler-de-apartamentos,2025-08-20T07:22:22.817Z,texto_normal,OK,Sí,Sí,2933,Sí,No,No,posible_paywall
80,"Los grandes inversores no van solos. Ahora, nosotros tampoco 🤝",https://fiscalizarte.substack.com/p/los-grandes-inversores-no-van-solos,2025-08-17T07:35:28.044Z,texto_normal,OK,Sí,Sí,2481,No,No,No,
81,"📉 Ayer te conté un error fiscal muy común entre inversores… Hoy te traigo otro que, para mí, es básico conocer.",https://fiscalizarte.substack.com/p/ayer-te-conte-un-error-fiscal-muy,2025-08-14T12:02:45.154Z,texto_normal,OK,Sí,Sí,1997,No,No,No,
82,⚠️ Estás perdiendo dinero (y no lo sabes): el error fiscal nº1 de muchos inversores inmobiliarios,https://fiscalizarte.substack.com/p/estas-perdiendo-dinero-y-no-lo-sabes,2025-08-13T07:19:20.482Z,texto_normal,OK,Sí,Sí,2318,Sí,No,No,posible_paywall
83,🚀 ¡Firmado el primer proyecto de co-inversión con la comunidad premium!,https://fiscalizarte.substack.com/p/firmado-el-primer-proyecto-de-co,2025-08-11T11:16:14.381Z,texto_normal,OK,Sí,Sí,1530,No,No,No,
84,#Clase 15: Cuestiones Comunes a los gastos deducibles.,https://fiscalizarte.substack.com/p/clase-15-cuestiones-comunes-a-los,2025-08-10T07:47:41.078Z,podcast_video_sin_transcripcion_substack,OK,Sí,Sí,10443,Sí,No,Sí,posible_paywall; con_transcripcion; con_multimedia; media_ids
85,💰Asi he ganado casi 9.000 euros en 2 meses..,https://fiscalizarte.substack.com/p/asi-he-ganado-casi-9000-euros-en,2025-08-09T07:08:44.348Z,texto_normal,OK,Sí,Sí,2018,No,No,No,
86,Ejemplo Real: ¿Te conviene alquilar como persona física o a través de sociedad patrimonial?,https://fiscalizarte.substack.com/p/ejemplo-real-te-conviene-alquilar,2025-08-06T11:40:25.004Z,texto_normal,OK,Sí,Sí,2260,Sí,No,No,posible_paywall
87,Estás pagando más impuestos de los que deberías (y lo sabes),https://fiscalizarte.substack.com/p/estas-pagando-mas-impuestos-de-los,2025-08-03T18:06:16.240Z,texto_normal,OK,Sí,Sí,1663,No,No,No,
88,"🏠💸 ERROR FRECUENTE EN RENTAS DE INMUEBLES: ""Se me olvidaron los gastos de reparación el año pasado... ¿Y ahora qué?",https://fiscalizarte.substack.com/p/error-frecuente-en-rentas-de-inmuebles,2025-07-30T11:40:13.252Z,texto_normal,OK,Sí,Sí,2613,Sí,No,No,posible_paywall
89,🚨 El error fiscal que cometen (casi) todos los inversores inmobiliarios..,https://fiscalizarte.substack.com/p/el-error-fiscal-que-cometen-casi,2025-07-27T07:10:21.022Z,texto_normal,OK,Sí,Sí,3087,No,No,No,
90,⚠️ Cataluña aprieta el puño fiscal: llega el 20% en Transmisiones Patrimoniales Onerosas.,https://fiscalizarte.substack.com/p/cataluna-aprieta-el-puno-fiscal-llega,2025-07-26T07:47:38.838Z,texto_normal,OK,Sí,Sí,2295,No,No,No,
91,"🏠 Alquilas tu piso por habitaciones… pero, ¿sabes cómo declarar bien la amortización del inmueble?",https://fiscalizarte.substack.com/p/alquilas-tu-piso-por-habitaciones,2025-07-23T11:39:20.141Z,texto_normal,OK,Sí,Sí,2403,Sí,No,No,posible_paywall
92,🔒 Acceso exclusivo: 30 minutos que todo inversor debe ver.,https://fiscalizarte.substack.com/p/acceso-exclusivo-30-minutos-que-todo,2025-07-18T08:08:10.402Z,newsletter_con_video_embebido,OK,Sí,Sí,35012,Sí,No,Sí,posible_paywall; con_transcripcion; con_multimedia; media_ids
93,🏗️ Lo que muchos no saben sobre Segregar vs. Dividir un inmueble (y cómo tributa después),https://fiscalizarte.substack.com/p/lo-que-muchos-no-saben-sobre-segregar,2025-07-16T11:40:20.287Z,texto_normal,OK,Sí,Sí,2494,Sí,No,No,posible_paywall
94,"Mientras tú pagas al ""personal shopper"", yo compro con un 40% de descuento… y tributo la mitad. Te cuento cómo.",https://fiscalizarte.substack.com/p/mientras-tu-pagas-al-personal-shopper,2025-07-14T06:45:45.382Z,texto_normal,OK,Sí,Sí,3202,No,No,No,
95,🧠 ¿Inviertes en inmuebles? Entonces esto te interesa (mucho).,https://fiscalizarte.substack.com/p/inviertes-en-inmuebles-entonces-esto,2025-07-13T07:51:14.034Z,texto_normal,OK,Sí,Sí,2259,No,No,No,
96,🕵️‍♂️ ¿Te ha escrito Hacienda? No entres en pánico (aún)...,https://fiscalizarte.substack.com/p/te-ha-escrito-hacienda-no-entres,2025-07-11T07:22:18.377Z,texto_normal,OK,Sí,Sí,2962,No,No,No,
97,🚨 El error fiscal que casi le cuesta caro a este inversor no residente,https://fiscalizarte.substack.com/p/el-error-fiscal-que-casi-le-cuesta,2025-07-09T11:40:19.478Z,texto_normal,OK,Sí,Sí,2449,Sí,No,No,posible_paywall
98,"🧱 Así estoy creando una sociedad de co-inversión inmobiliaria (para que tú también puedas invertir, sin complicarte)",https://fiscalizarte.substack.com/p/asi-estoy-creando-una-sociedad-de,2025-07-08T07:38:15.962Z,texto_normal,OK,Sí,Sí,2930,No,No,No,
99,⏳ Últimas 24 horas. No se volverá a repetir.,https://fiscalizarte.substack.com/p/ultimas-24-horas-no-se-volvera-a,2025-07-07T06:54:59.289Z,texto_normal,OK,Sí,Sí,1237,No,No,No,
100,"🏠 ¿Debo tributar por ""Operaciones Societarias"" si constituyo una comunidad de bienes para alquilar inmuebles?",https://fiscalizarte.substack.com/p/debo-tributar-por-operaciones-societarias,2025-07-02T11:35:22.235Z,texto_normal,OK,Sí,Sí,2335,Sí,No,No,posible_paywall
101,🚀 Cómo Mi Hermano va a GANAR 25.000€ en Menos de 6 Meses con un Piso en Jaén (Y Tú También Puedes),https://fiscalizarte.substack.com/p/como-mi-hermano-va-a-ganar-25000,2025-06-30T08:34:35.802Z,texto_normal,OK,Sí,Sí,2615,No,No,No,
102,#Clase 14: Amortización de las mejoras.,https://fiscalizarte.substack.com/p/clase-14-amortizacion-de-las-mejoras,2025-06-29T07:32:14.965Z,video_o_podcast_principal_con_transcripcion_substack,OK,Sí,Sí,12539,Sí,No,Sí,posible_paywall; con_transcripcion; con_multimedia; media_ids
103,🔥 Descuento del 20% en la suscripción anual Premium. Solo hasta el domingo.,https://fiscalizarte.substack.com/p/descuento-del-20-en-la-suscripcion,2025-06-28T07:13:12.328Z,texto_normal,OK,Sí,Sí,1847,No,No,No,
104,🏥 ¿Alquilas un geriátrico ya montado? Igual un geriátrico no...pero.. ¿Y otro tipo de negocio?,https://fiscalizarte.substack.com/p/alquilas-un-geriatrico-ya-montado,2025-06-25T11:51:31.457Z,texto_normal,OK,Sí,Sí,3766,Sí,No,No,posible_paywall
105,#Clase 13: Amortización del Mobiliario,https://fiscalizarte.substack.com/p/clase-13-amortizacion-del-mobiliario,2025-06-22T08:24:31.333Z,video_o_podcast_principal_con_transcripcion_substack,OK,Sí,Sí,14845,Sí,No,Sí,posible_paywall; con_transcripcion; con_multimedia; media_ids
106,Decrecer para CRECER más rápido.,https://fiscalizarte.substack.com/p/decrecer-para-crecer-mas-rapido,2025-06-19T15:10:11.308Z,texto_normal,OK,Sí,Sí,2780,No,No,No,
107,🏢 ¿Tienes una sociedad civil que alquila inmuebles?,https://fiscalizarte.substack.com/p/tienes-una-sociedad-civil-que-alquila,2025-06-18T11:45:32.637Z,texto_normal,OK,Sí,Sí,3278,Sí,No,No,posible_paywall
108,🏠💼 ¿Alquilas tu piso a una empresa para que lo use uno de sus empleados?,https://fiscalizarte.substack.com/p/alquilas-tu-piso-a-una-empresa-para,2025-06-16T05:41:06.802Z,texto_normal,OK,Sí,Sí,3558,Sí,No,No,posible_paywall
109,"Cómo un ´´buen`` piso, PUEDE ser una operación fiscalmente MALÍSIMA.",https://fiscalizarte.substack.com/p/como-un-buen-piso-puede-ser-una-operacion,2025-06-15T07:48:42.061Z,texto_normal,OK,Sí,Sí,3585,No,No,No,
110,El mayor erorr de un inversor inmobiliario es la falta de planificación fiscal.,https://fiscalizarte.substack.com/p/el-mayor-erorr-de-un-inversor-inmobiliario,2025-06-12T13:52:37.168Z,texto_normal,OK,Sí,Sí,1197,No,No,No,
111,🏘️ ¿Tienes pisos en alquiler y estás pensando en meterlos en una sociedad?,https://fiscalizarte.substack.com/p/tienes-pisos-en-alquiler-y-estas,2025-06-11T11:39:21.966Z,texto_normal,OK,Sí,Sí,4554,Sí,No,No,posible_paywall
112,Hacer un flip siendo persona física puede ser una ruina fiscal.,https://fiscalizarte.substack.com/p/hacer-un-flip-siendo-persona-fisica,2025-06-08T07:31:32.927Z,texto_normal,OK,Sí,Sí,3516,No,No,No,
113,🚙 ¿Tienes un todoterreno solo para tu actividad profesional? Esto es lo que Hacienda dice sobre deducírtelo,https://fiscalizarte.substack.com/p/tienes-un-todoterreno-solo-para-tu,2025-06-04T11:45:18.914Z,texto_normal,OK,Sí,Sí,3520,Sí,No,No,posible_paywall
114,#Clase 12: Otros gastos deducibles en el RCI,https://fiscalizarte.substack.com/p/clase-12-otros-gastos-deducibles,2025-06-01T07:50:06.024Z,video_o_podcast_principal_con_transcripcion_substack,OK,Sí,Sí,14163,Sí,No,Sí,posible_paywall; con_transcripcion; con_multimedia; media_ids
115,¿Crear una sociedad o adquirir una sociedad creada? La mejor opción.,https://fiscalizarte.substack.com/p/crear-una-sociedad-o-adquirir-una,2025-05-28T11:45:25.917Z,texto_normal,OK,Sí,Sí,3654,Sí,No,No,posible_paywall
116,#Clase 11: Los gastos de reparación y conservación,https://fiscalizarte.substack.com/p/clase-11-los-gastos-de-reparacion,2025-05-25T06:30:24.594Z,podcast_video_sin_transcripcion_substack,OK,Sí,Sí,13383,Sí,No,Sí,posible_paywall; con_transcripcion; con_multimedia; media_ids
117,¿Cómo proteger tú patrimonio inmobiliario a través de Sociedades Patrimoniales?,https://fiscalizarte.substack.com/p/como-proteger-tu-patrimonio-inmobiliario,2025-05-21T11:45:16.389Z,texto_normal,OK,Sí,Sí,4702,Sí,No,No,posible_paywall
118,#Clase 10: Los intereses y gastos de financiación,https://fiscalizarte.substack.com/p/clase-10-los-intereses-y-gastos-de,2025-05-18T06:30:48.980Z,podcast_video_sin_transcripcion_substack,OK,Sí,Sí,16933,Sí,No,Sí,posible_paywall; con_transcripcion; con_multimedia; media_ids
119,DEBES analizar correctamente los números en una operación de flipping...antes de entrar....,https://fiscalizarte.substack.com/p/debes-analizar-correctamente-los,2025-05-17T08:45:23.915Z,texto_normal,OK,Sí,Sí,3139,No,No,No,
120,No cometas el mismo ERROR que Rubén con sus inversiones inmobiliarias....,https://fiscalizarte.substack.com/p/no-cometas-el-mismo-error-que-ruben,2025-05-15T09:08:13.299Z,texto_normal,OK,Sí,Sí,2999,No,No,No,
121,🏘️ Disolver una sociedad inmobiliaria y adjudicar inmuebles a los socios: la guía fiscal definitiva (con ejemplos),https://fiscalizarte.substack.com/p/disolver-una-sociedad-inmobiliaria,2025-05-14T08:30:27.702Z,texto_normal,OK,Sí,Sí,3558,Sí,No,No,posible_paywall
122,🌍 ¿Tu empresa extranjera alquila almacenes en España? Entonces esto te interesa (y mucho),https://fiscalizarte.substack.com/p/tu-empresa-extranjera-alquila-almacenes,2025-05-07T07:02:24.241Z,texto_normal,OK,Sí,Sí,2692,Sí,No,No,posible_paywall
123,Lo que ningún gurú del sector te cuenta pero que deberías saber siendo un pequeño inversor inmobiliario...,https://fiscalizarte.substack.com/p/lo-que-ningun-guru-del-sector-te,2025-05-05T15:06:08.404Z,texto_normal,OK,Sí,Sí,2590,No,No,No,
124,Adapta tú estrategia de inversión a tú situación fiscal..,https://fiscalizarte.substack.com/p/adapta-tu-estrategia-de-inversion,2025-05-04T15:09:12.291Z,texto_normal,OK,Sí,Sí,2133,No,No,No,
125,🏡 ¿Alquilas pisos turísticos? Este es el error que muchos cometen con Hacienda sin saberlo,https://fiscalizarte.substack.com/p/alquilas-pisos-turisticos-este-es,2025-04-30T12:03:17.227Z,texto_normal,OK,Sí,Sí,2856,Sí,No,No,posible_paywall
126,Un suscriptor me pide ayuda...,https://fiscalizarte.substack.com/p/un-suscriptor-me-pide-ayuda,2025-04-27T17:45:56.128Z,texto_normal,OK,Sí,Sí,2181,No,No,No,
127,#Clase 9: La Amortización Fiscal del Inmueble,https://fiscalizarte.substack.com/p/clase-9-la-amortizacion-fiscal-del,2025-04-27T06:01:32.872Z,video_o_podcast_principal_con_transcripcion_substack,OK,Sí,Sí,18402,Sí,No,Sí,posible_paywall; con_transcripcion; con_multimedia; media_ids
128,Desconocer la normativa fiscal te puede hacer perder dinero....,https://fiscalizarte.substack.com/p/desconocer-la-normativa-fiscal-te,2025-04-26T08:35:45.596Z,texto_normal,OK,Sí,Sí,2615,No,No,No,
129,⚠️ Cuidado con la escisión de tu empresa: ¿Pagarás más impuestos?,https://fiscalizarte.substack.com/p/cuidado-con-la-escision-de-tu-empresa,2025-04-23T05:30:50.175Z,texto_normal,OK,Sí,Sí,1557,Sí,No,No,posible_paywall
130,Hacer flipping esta de moda...,https://fiscalizarte.substack.com/p/hacer-flipping-esta-de-moda,2025-04-21T11:30:06.155Z,texto_normal,OK,Sí,Sí,2181,No,No,No,
131,Los errores en la inversión inmobiliaria SON CAROS....,https://fiscalizarte.substack.com/p/los-errores-en-la-inversion-inmobiliaria,2025-04-19T09:30:05.823Z,texto_normal,OK,Sí,Sí,2651,No,No,No,
132,🏠💥 Alquilas pisos turísticos de otros propietarios: lo que Hacienda no va a dejar pasar,https://fiscalizarte.substack.com/p/alquilas-pisos-turisticos-de-otros,2025-04-16T05:30:23.273Z,texto_normal,OK,Sí,Sí,2458,Sí,No,No,posible_paywall
133,Cuidado al precio al que vendes tú piso...,https://fiscalizarte.substack.com/p/cuidado-al-precio-al-que-vendes-tu,2025-04-15T08:42:32.207Z,texto_normal,OK,Sí,Sí,2570,No,No,No,
134,Así te puedas aplicar la mayor ventaja fiscal por alquilar inmuebles en la RENTA 2024...,https://fiscalizarte.substack.com/p/asi-te-puedes-aplicar-la-reduccion,2025-04-13T09:21:38.458Z,texto_normal,OK,Sí,Sí,3425,No,No,No,
135,#Clase 8: Gastos Deducibles (Cuestiones Comunes),https://fiscalizarte.substack.com/p/clase-8-gastos-deducibles-cuestiones,2025-04-13T06:05:17.684Z,video_o_podcast_principal_con_transcripcion_substack,OK,Sí,Sí,8748,Sí,No,Sí,posible_paywall; con_transcripcion; con_multimedia; media_ids
136,🚗💸 ¿Puedo desgravar el coche si lo uso para gestionar mis pisos en alquiler?,https://fiscalizarte.substack.com/p/puedo-desgravar-el-coche-si-lo-uso,2025-04-09T05:30:55.772Z,texto_normal,OK,Sí,Sí,2589,Sí,No,No,posible_paywall
137,#Clase 7: Ingresos por arrendamientos,https://fiscalizarte.substack.com/p/clase-7-ingresos-por-arrendamientos,2025-04-06T06:02:35.629Z,video_o_podcast_principal_con_transcripcion_substack,OK,Sí,Sí,11704,Sí,No,Sí,posible_paywall; con_transcripcion; con_multimedia; media_ids
138,¿Quieres seguir perdiéndote el mejor contenido de valor?,https://fiscalizarte.substack.com/p/quieres-seguir-perdiendote-el-mejor,2025-04-05T09:49:35.044Z,texto_normal,OK,Sí,Sí,1503,Sí,No,No,posible_paywall
139,¿Debe tu asociación pagar IVA por el alquiler de viviendas?,https://fiscalizarte.substack.com/p/debe-tu-asociacion-pagar-iva-por,2025-04-03T05:31:23.933Z,texto_normal,OK,Sí,Sí,2112,Sí,No,No,posible_paywall
140,¿Cómo tributa la aportación de bienes donados a una sociedad?,https://fiscalizarte.substack.com/p/como-tributa-la-aportacion-de-bienes,2025-04-01T05:31:20.340Z,texto_normal,OK,Sí,Sí,4140,Sí,No,No,posible_paywall
141,#Clase 6: Cálculo del Rendimiento de Capital Inmobiliario.,https://fiscalizarte.substack.com/p/clase-6-calculo-del-rendimiento-de,2025-03-30T06:02:18.484Z,video_o_podcast_principal_con_transcripcion_substack,OK,Sí,Sí,12233,Sí,No,Sí,posible_paywall; con_transcripcion; con_multimedia; media_ids
142,🏡💰 Fiscalidad en la Venta de Viviendas Promovidas por Comunidades de Bienes,https://fiscalizarte.substack.com/p/fiscalidad-en-la-venta-de-viviendas,2025-03-27T06:30:51.998Z,texto_normal,OK,Sí,Sí,4243,Sí,No,No,posible_paywall
143,¡Cuidado con las escisiones parciales en inmobiliario!,https://fiscalizarte.substack.com/p/cuidado-con-las-escisiones-parciales,2025-03-25T06:30:48.042Z,texto_normal,OK,Sí,Sí,1874,Sí,No,No,posible_paywall
144,#Clase 5: Imputación de Rentas Inmobilirias.,https://fiscalizarte.substack.com/p/clase-5-imputacion-de-rentas-inmobilirias,2025-03-22T07:30:39.824Z,video_o_podcast_principal_con_transcripcion_substack,OK,Sí,Sí,15953,Sí,No,Sí,posible_paywall; con_transcripcion; con_multimedia; media_ids
145,¿Reformas antes de alquilar?,https://fiscalizarte.substack.com/p/reformas-antes-de-alquilar,2025-03-20T06:30:51.550Z,texto_normal,OK,Sí,Sí,1958,Sí,No,No,posible_paywall
146,Reparaciones en tu edificio alquilado: ¿puedes deducirlas en el IRPF?,https://fiscalizarte.substack.com/p/reparaciones-en-tu-edificio-alquilado,2025-03-18T06:30:50.727Z,texto_normal,OK,Sí,Sí,3415,Sí,No,No,posible_paywall
147,#Episodio 1: Serrasola Inversiones,https://fiscalizarte.substack.com/p/episodio-1-serrasola-inversiones,2025-03-16T08:02:47.069Z,podcast_audio_con_transcripcion_substack,OK,Sí,Sí,60050,Sí,No,Sí,posible_paywall; con_transcripcion; con_multimedia; media_ids
148,¿Quién paga impuestos por el alquiler?,https://fiscalizarte.substack.com/p/quien-paga-impuestos-por-el-alquiler,2025-03-13T06:30:47.741Z,texto_normal,OK,Sí,Sí,2738,Sí,No,No,posible_paywall
149,Invertir a través de COMUNIDADES DE BIENES...,https://fiscalizarte.substack.com/p/invertir-a-traves-de-comunidades,2025-03-11T06:30:57.709Z,texto_normal,OK,Sí,Sí,3091,Sí,No,No,posible_paywall
150,#Clase 4: Clases de Rendimientos de Capital,https://fiscalizarte.substack.com/p/clase-4-clases-de-rendimientos-de,2025-03-08T07:06:22.739Z,video_o_podcast_principal_con_transcripcion_substack,OK,Sí,Sí,7877,Sí,No,Sí,posible_paywall; con_transcripcion; con_multimedia; media_ids
151,Aportación de Participaciones y Régimen Especial del Impuesto sobre Sociedades.,https://fiscalizarte.substack.com/p/aportacion-de-participaciones-y-regimen,2025-03-06T06:30:41.770Z,texto_normal,OK,Sí,Sí,2616,Sí,No,No,posible_paywall
152,¿Qué IVA se aplica a las obras de mejora en una vivienda en construcción?,https://fiscalizarte.substack.com/p/que-iva-se-aplica-a-las-obras-de,2025-03-04T06:30:52.616Z,texto_normal,OK,Sí,Sí,2506,Sí,No,No,posible_paywall
153,Cómo ahorrar impuestos siendo no residente..,https://fiscalizarte.substack.com/p/argentina-patria-querida,2025-03-02T07:30:30.168Z,texto_normal,OK,Sí,Sí,1661,No,No,No,
154,#Clase 3: Masterclass Persona Física vs Sociedad,https://fiscalizarte.substack.com/p/clase-3-masterclass-persona-fisica,2025-03-01T07:30:53.503Z,video_o_podcast_principal_con_transcripcion_substack,OK,Sí,Sí,25780,Sí,No,Sí,posible_paywall; con_transcripcion; con_multimedia; media_ids
155,¿Comprar más participaciones de tu sociedad patrimonial puede hacerte pagar el ITP como si compraras un inmueble?,https://fiscalizarte.substack.com/p/comprar-mas-participaciones-de-tu,2025-02-27T06:30:54.030Z,texto_normal,OK,Sí,Sí,2451,Sí,No,No,posible_paywall
156,Crear una holding para gestionar tus inversiones: ¿Cómo afecta a los impuestos?,https://fiscalizarte.substack.com/p/crear-una-holding-para-gestionar,2025-02-25T06:30:48.559Z,texto_normal,OK,Sí,Sí,3170,Sí,No,No,posible_paywall
157,Simplificar holding para eliminar duplicidad de gastos,https://fiscalizarte.substack.com/p/simplificar-holding-para-eliminar,2025-02-23T07:30:57.388Z,texto_normal,OK,Sí,Sí,3477,No,No,No,
158,#Clase 2: Imputación temporal de rentas,https://fiscalizarte.substack.com/p/clase-2-imputacion-temporal-de-rentas,2025-02-22T09:00:08.424Z,video_o_podcast_principal_con_transcripcion_substack,OK,Sí,Sí,6275,Sí,No,Sí,posible_paywall; con_transcripcion; con_multimedia; media_ids
159,No hagas esto si VENDES un piso..,https://fiscalizarte.substack.com/p/cuidado-con-la-forma-en-la-que-vendes,2025-02-20T06:31:02.470Z,texto_normal,OK,Sí,Sí,2330,Sí,No,No,posible_paywall
160,Cuidado al declarar el ITP...,https://fiscalizarte.substack.com/p/cuidado-al-declarar-el-itp,2025-02-18T06:28:28.816Z,texto_normal,OK,Sí,Sí,2871,Sí,No,No,posible_paywall
161,He traicionado los pilares de mi estrategia de inversión con mi última operación.,https://fiscalizarte.substack.com/p/nuevo-inmueble-para-mi-cartera-personal,2025-02-16T07:04:36.114Z,texto_normal,OK,Sí,Sí,2830,No,No,No,
162,#Clase 1: Estructura del IRPF,https://fiscalizarte.substack.com/p/clase-1-estructura-del-irpf,2025-02-15T08:01:27.646Z,video_o_podcast_principal_con_transcripcion_substack,OK,Sí,Sí,6901,Sí,No,Sí,posible_paywall; con_transcripcion; con_multimedia; media_ids
163,¿Qué ocurre cuando una casa construida para la venta se destina al alquiler?,https://fiscalizarte.substack.com/p/que-ocurre-cuando-una-casa-construida,2025-02-13T06:26:33.111Z,texto_normal,OK,Sí,Sí,3525,Sí,No,No,posible_paywall
164,Me comprometí contigo y cumplo mi palabra..,https://fiscalizarte.substack.com/p/me-comprometi-contigo-y-cumplo-mi,2025-02-11T08:34:32.215Z,texto_normal,OK,Sí,Sí,1633,No,No,No,
165,Guarda este mail para cuando seas presidente de tú Comunidad..,https://fiscalizarte.substack.com/p/he-mentorizado-al-presidente-de-una,2025-02-11T06:30:58.631Z,texto_normal,OK,Sí,Sí,2804,Sí,No,No,posible_paywall
166,Debes leer este mail sino quieres ser engañado/a..,https://fiscalizarte.substack.com/p/debes-leer-este-mail-sino-quieres,2025-02-08T07:44:59.702Z,texto_normal,OK,Sí,Sí,3377,No,No,No,
167,He conseguido ahorrar 24.080 euros a un inversor..,https://fiscalizarte.substack.com/p/he-conseguido-ahorrar-24080-euros,2025-02-06T06:10:47.355Z,texto_normal,OK,Sí,Sí,3015,Sí,No,No,posible_paywall
168,No puedes cometer estos ERRORES,https://fiscalizarte.substack.com/p/no-puedes-cometer-estos-errores,2025-02-04T08:52:56.772Z,texto_normal,OK,Sí,Sí,3035,Sí,No,No,posible_paywall
169,El Gobierno te ´´discrimina`` como residente fiscal español..,https://fiscalizarte.substack.com/p/el-gobierno-te-discrimina-como-residente,2025-02-03T06:31:16.383Z,texto_normal,OK,Sí,Sí,2107,No,No,No,
170,Lo que no te estoy contando (pero debería),https://fiscalizarte.substack.com/p/lo-que-no-te-estoy-contando-pero,2025-02-02T08:11:50.133Z,texto_normal,OK,Sí,Sí,1349,No,No,No,
171,Si te planteas hacer un CAMBIO DE USO..,https://fiscalizarte.substack.com/p/si-te-planteas-hacer-un-cambio-de,2025-02-01T07:49:32.772Z,texto_normal,OK,Sí,Sí,4081,No,No,No,
172,Este inversor está jodido..,https://fiscalizarte.substack.com/p/este-inversor-esta-jodido,2025-01-30T11:46:42.272Z,texto_normal,OK,Sí,Sí,2596,No,No,No,
173,He vendido una vivienda que he tenido ALQUILADA previamente..,https://fiscalizarte.substack.com/p/he-vendido-una-vivienda-que-he-tenido,2025-01-29T13:01:27.364Z,texto_normal,OK,Sí,Sí,2221,Sí,No,No,posible_paywall
174,¿Alquilas habitaciones en tu vivienda habitual? Así afecta a tu IRPF y a la exención por venta de vivienda habitual,https://fiscalizarte.substack.com/p/alquilas-habitaciones-en-tu-vivienda,2025-01-28T13:03:39.104Z,texto_normal,OK,Sí,Sí,1840,No,No,No,
175,12 euros.,https://fiscalizarte.substack.com/p/el-mail-que-estabas-esperando,2025-01-27T08:14:33.454Z,texto_normal,OK,Sí,Sí,3173,No,No,No,
176,¿ITP al 5% en Comunidad Valenciana?,https://fiscalizarte.substack.com/p/itp-al-5-en-comunidad-valenciana,2025-01-25T11:23:45.493Z,texto_normal,OK,Sí,Sí,3226,No,No,No,
177,Implementa está ESTRATEGIA de inversión y tu patrimonio crecerá EXPONENCIALMENTE.,https://fiscalizarte.substack.com/p/implementa-esta-estrategia-de-inversion,2025-01-23T06:30:46.467Z,texto_normal,OK,Sí,Sí,1957,No,No,No,
178,Verdades de la inversión en el sector inmobiliario,https://fiscalizarte.substack.com/p/verdades-de-la-inversion-en-el-sector,2025-01-21T12:45:42.085Z,texto_normal,OK,Sí,Sí,2306,No,No,No,
179,Comprar pisos para alquilar NO es la opción fiscal más óptima,https://fiscalizarte.substack.com/p/comprar-pisos-para-alquilar-no-es,2025-01-20T13:32:34.578Z,texto_normal,OK,Sí,Sí,1467,No,No,No,
180,Cómo sacar dinero de tu SL sin que Hacienda te coma vivo,https://fiscalizarte.substack.com/p/como-sacar-dinero-de-tu-sl-sin-que,2025-01-16T07:05:41.594Z,texto_normal,OK,Sí,Sí,2843,No,No,No,
181,El mejor truco para escalar una cartera de inmuebles..,https://fiscalizarte.substack.com/p/te-cuento-el-mayor-truco,2025-01-14T07:05:40.109Z,texto_normal,OK,Sí,Sí,3557,No,No,No,
182,Este concepto fiscal será tu salvación en 2025,https://fiscalizarte.substack.com/p/este-concepto-fiscal-sera-tu-salvacion,2025-01-12T16:38:39.929Z,texto_normal,OK,Sí,Sí,3585,No,No,No,
183,Si tienes inmuebles alquilados y perteneces a este colectivo..,https://fiscalizarte.substack.com/p/si-tienes-inmuebles-alquilados-y,2025-01-11T07:38:20.297Z,texto_normal,OK,Sí,Sí,2728,No,No,No,
184,"Si gestionas habitaciones o pisos de otros inversores, DEBES leer esto..",https://fiscalizarte.substack.com/p/gestionas-alquileres-por-habitaciones,2025-01-09T13:03:44.286Z,texto_normal,OK,Sí,Sí,3818,No,No,No,
185,Método para ahorrar hasta 10.000 euros..,https://fiscalizarte.substack.com/p/metodo-para-ahorrar-hasta-10000-euros,2025-01-05T08:16:37.772Z,texto_normal,OK,Sí,Sí,4455,No,No,No,
186,¿Intermedias en el alquiler de viviendas vacacionales? Esto es lo que debes saber sobre el IVA,https://fiscalizarte.substack.com/p/intermedias-en-el-alquiler-de-viviendas,2025-01-02T10:13:16.004Z,texto_normal,OK,Sí,Sí,2964,No,No,No,
187,Cerramos 2024 y Abrimos 2025,https://fiscalizarte.substack.com/p/cerramos-2024-y-abrimos-2025,2024-12-31T09:15:52.193Z,texto_normal,OK,Sí,Sí,3793,No,No,No,
188,¿Persona física o sociedad? La gran pregunta en inversión inmobiliaria,https://fiscalizarte.substack.com/p/persona-fisica-o-sociedad-la-gran,2024-12-29T19:30:32.019Z,texto_normal,OK,Sí,Sí,1860,No,No,No,
189,¿Alquiler de casas rurales? Cuidado con el IVA y el IAE,https://fiscalizarte.substack.com/p/alquiler-de-casas-rurales-cuidado,2024-12-28T08:01:05.761Z,texto_normal,OK,Sí,Sí,2680,No,No,No,
190,¿Puedo deducir los alquileres impagados en mi declaración de la renta? Un caso práctico,https://fiscalizarte.substack.com/p/puedo-deducir-los-alquileres-impagos,2024-12-19T06:29:52.936Z,texto_normal,OK,Sí,Sí,3078,No,No,No,
191,🏡 ¿Vas a descalificar una vivienda protegida? Esto es lo que debes saber sobre los gastos deducibles,https://fiscalizarte.substack.com/p/vas-a-descalificar-una-vivienda-protegida,2024-12-17T06:29:32.525Z,texto_normal,OK,Sí,Sí,3377,No,No,No,
192,¿Es DICIEMBRE el mes de los descuentos inmobiliarios? Te cuento los números de mi siguiente operación...,https://fiscalizarte.substack.com/p/es-diciembre-el-mes-de-los-descuentos,2024-12-15T09:30:42.124Z,texto_normal,OK,Sí,Sí,4109,No,No,No,
193,"🏢 Alquileres, comunidades de bienes y fiscalidad: ¿Qué pasa con el ITP y el IRPF?",https://fiscalizarte.substack.com/p/alquileres-comunidades-de-bienes,2024-12-12T06:29:45.954Z,texto_normal,OK,Sí,Sí,4145,No,No,No,
194,🏠 ¿Alquilar mi vivienda a una empresa? Ojo con el IVA y el IRPF,https://fiscalizarte.substack.com/p/alquilar-mi-vivienda-a-una-empresa,2024-12-10T06:29:35.754Z,texto_normal,OK,Sí,Sí,3315,No,No,No,
195,Consulta de un cliente: ¿Puedo arrendar mi inmueble como vivienda y qué implica fiscalmente? 🏠,https://fiscalizarte.substack.com/p/consulta-de-un-cliente-puedo-arrendar,2024-12-05T06:29:40.002Z,texto_normal,OK,Sí,Sí,4133,No,No,No,
196,¿Sabías que puedes donar el usufructo de un inmueble a tu hijo y cómo impacta eso en tu fiscalidad? 🏠💡,https://fiscalizarte.substack.com/p/sabias-que-puedes-donar-el-usufructo,2024-12-03T06:29:12.760Z,texto_normal,OK,Sí,Sí,3636,No,No,No,
197,"¡Atención, propietarios de inmuebles para alquiler turístico! 🏡💼",https://fiscalizarte.substack.com/p/atencion-propietarios-de-inmuebles,2024-11-28T06:29:52.482Z,texto_normal,OK,Sí,Sí,3849,No,No,No,
198,¿Puedo deducir las obras de eficiencia energética si alquilo mi casa como vivienda turística?,https://fiscalizarte.substack.com/p/puedo-deducir-las-obras-de-eficiencia,2024-11-26T06:29:27.708Z,texto_normal,OK,Sí,Sí,3917,No,No,No,
199,¿Estás cediendo tu vivienda en usufructo? Descubre qué gastos puedes deducir y cómo optimizar tu declaración de la renta.,https://fiscalizarte.substack.com/p/estas-cediendo-tu-vivienda-en-usufructo,2024-11-21T06:29:50.151Z,texto_normal,OK,Sí,Sí,3817,No,No,No,
200,¿Hiciste reformas en una casa antes de venderla? Esto es lo que Hacienda tiene en cuenta 🔧🏠,https://fiscalizarte.substack.com/p/hiciste-reformas-en-una-casa-antes,2024-11-19T06:35:37.056Z,texto_normal,OK,Sí,Sí,3023,No,No,No,
201,¿Sabías que puedes deducir los gastos de reparación de tus pisos en alquiler? 🛠️💸,https://fiscalizarte.substack.com/p/sabias-que-puedes-deducir-los-gastos,2024-11-16T08:58:27.157Z,texto_normal,OK,Sí,Sí,2605,No,No,No,
202,Ejemplo de un cliente con una operación de Flipping House...,https://fiscalizarte.substack.com/p/ejemplo-de-un-cliente-con-una-operacion,2024-10-27T08:51:49.433Z,texto_normal,OK,Sí,Sí,3891,No,No,No,
203,Pasos para constituir una S.L y hacer Flipping Houses...,https://fiscalizarte.substack.com/p/pasos-para-constituir-una-sl-y-hacer,2024-10-20T07:56:41.316Z,texto_normal,OK,Sí,Sí,5367,No,No,No,
204,¿Cómo adquirir S.L inactivas?,https://fiscalizarte.substack.com/p/como-adquirir-sl-inactivas,2024-10-13T07:55:43.020Z,texto_normal,OK,Sí,Sí,2261,No,No,No,
205,Comprar S.L inactivas para invertir en el sector Inmobiliario....,https://fiscalizarte.substack.com/p/comprar-sl-inactivas-para-invertir,2024-10-06T07:45:47.540Z,texto_normal,OK,Sí,Sí,4139,No,No,No,
206,Una de las grandes ventajas fiscales en la inversión inmobiliaria...,https://fiscalizarte.substack.com/p/una-de-las-grandes-ventajas-fiscales,2024-09-21T07:45:51.750Z,texto_normal,OK,Sí,Sí,2277,No,No,No,
207,¿Cuánto cuesta aportar un inmueble a una Sociedad?,https://fiscalizarte.substack.com/p/cuanto-cuesta-aportar-un-inmueble,2024-09-14T07:45:55.609Z,texto_normal,OK,Sí,Sí,5229,No,No,No,
208,La estructura fiscal que utilizan los ricos/políticos....,https://fiscalizarte.substack.com/p/la-estructura-fiscal-que-utilizan,2024-09-07T07:48:08.619Z,texto_normal,OK,Sí,Sí,2939,No,No,No,
209,¿La mejor estructura fiscal?,https://fiscalizarte.substack.com/p/la-mejor-estructura-fiscal,2024-09-01T13:42:35.427Z,texto_normal,OK,Sí,Sí,4109,No,No,No,
210,Hacienda ataca... y ¡fuerte!,https://fiscalizarte.substack.com/p/hacienda-ataca-y-fuerte,2024-08-15T08:29:16.511Z,texto_normal,OK,Sí,Sí,3875,No,No,No,
211,Mi última gran operación con miembros de mi Comunidad...,https://fiscalizarte.substack.com/p/mi-ultima-gran-operacion-con-miembros,2024-06-27T15:21:22.676Z,texto_normal,OK,Sí,Sí,3560,No,No,No,
212,Constituyo una SL para invertir... ¡te explico el porqué!,https://fiscalizarte.substack.com/p/constituyo-una-sl-para-invertir-te,2024-05-18T08:29:41.077Z,texto_normal,OK,Sí,Sí,3798,No,No,No,
213,Cómo Adrián va a comprar su primer piso sin ahorros....,https://fiscalizarte.substack.com/p/como-adrian-va-a-comprar-su-primer,2024-03-14T18:55:08.877Z,texto_normal,OK,Sí,Sí,4168,No,No,No,
214,No cometas este grave error al declarar tus alquileres,https://fiscalizarte.substack.com/p/no-cometas-este-grave-error-al-declarar,2024-03-07T19:00:34.982Z,texto_normal,OK,Sí,Sí,2454,No,No,No,
215,AVALES ICO: ¿En qué consisten?,https://fiscalizarte.substack.com/p/avales-ico-en-que-consisten,2024-03-03T10:00:35.413Z,texto_normal,OK,Sí,Sí,1407,No,No,No,
216,Hacer Flips sale más ´´barato`` bajo esta modalidad,https://fiscalizarte.substack.com/p/hacer-flips-sale-mas-barato-bajo,2024-02-28T19:58:32.783Z,texto_normal,OK,Sí,Sí,2418,No,No,No,
217,Incendio del edificio de Valencia: ¿Cómo funciona el seguro de hogar?,https://fiscalizarte.substack.com/p/incendio-del-edificio-de-valencia,2024-02-25T20:55:02.077Z,texto_normal,OK,Sí,Sí,3568,No,No,No,
218,Esta estrategia de inversión no la verás en cualquier sitio...,https://fiscalizarte.substack.com/p/esta-estrategia-de-inversion-no-la,2024-02-22T05:55:11.995Z,texto_normal,OK,Sí,Sí,1766,No,No,No,
219,"¿Estás teniendo en cuenta tu IRPF marginal en tus inversiones? Sino es así, ¡esto te interesa!",https://fiscalizarte.substack.com/p/estas-teniendo-en-cuenta-tu-irpf,2024-02-15T05:55:06.368Z,texto_normal,OK,Sí,Sí,1620,No,No,No,
220,ITP: ¿Cómo afecta a tu inversión inmobiliaria?,https://fiscalizarte.substack.com/p/itp-como-afecta-a-tu-inversion-inmobiliaria,2024-02-08T20:59:27.708Z,texto_normal,OK,Sí,Sí,3161,No,No,No,
221,"Si haces Rent to Rent, ¡esto te interesa!",https://fiscalizarte.substack.com/p/si-haces-rent-to-rent-esto-te-interesa,2024-02-01T05:45:03.090Z,texto_normal,OK,Sí,Sí,1355,No,No,No,
222,Nueva apuesta de la Comunidad de Madrid en su oferta de vivienda de obra nueva.,https://fiscalizarte.substack.com/p/nueva-apuesta-de-la-comunidad-de,2024-01-27T09:37:27.543Z,texto_normal,OK,Sí,Sí,2469,No,No,No,
223,"No entiendo el concepto de amortización de IRPF, ¿Se corresponde con el importe de amortización de la cuota de la hipoteca?",https://fiscalizarte.substack.com/p/no-entiendo-el-concepto-de-amortizacion,2024-01-24T16:20:17.084Z,texto_normal,OK,Sí,Sí,1845,No,No,No,
224,Directo y al grano!,https://fiscalizarte.substack.com/p/directo-y-al-grano,2024-01-15T15:58:32.989Z,texto_normal,OK,Sí,Sí,2414,No,No,No,
225,¿Sabes que es el IRPF?,https://fiscalizarte.substack.com/p/sabes-que-es-el-irpf,2024-01-15T09:34:02.469Z,texto_normal,OK,Sí,Sí,2432,No,No,No,
226,Es importante saberlo!,https://fiscalizarte.substack.com/p/es-importante-saberlo,2024-01-15T09:08:33.857Z,texto_normal,OK,Sí,Sí,2140,No,No,No,
