id_revision,post_id,tema,subtema,cuestion,criterio_extraido,aplicacion_a_mi_caso,riesgo,prioridad,validar_con_asesor,documentos_necesarios,accion_recomendada,pregunta_asesor,titulo_post,url_post,fragmento_soporte,observaciones
RG-001,114,Gastos deducibles,gastos deducibles,Solo deducir gastos corrientes del ejercicio vinculados al inmueble y necesarios para obtener el ingreso.,Solo deducir gastos corrientes del ejercicio vinculados al inmueble y necesarios para obtener el ingreso.,"No todo gasto vale: debes justificar necesidad, vinculación y carácter corriente.",Alto,Alta,Sí,Factura | Justificante bancario | Explicación de vinculación al alquiler,Crear checklist de deducibilidad por gasto.,¿Qué criterio práctico debo usar para defender que un gasto es necesario para obtener el ingreso?,#Clase 12: Otros gastos deducibles en el RCI,https://fiscalizarte.substack.com/p/clase-12-otros-gastos-deducibles,"uellos gastos corrientes del ejercicio. La palabra corriente aquí es muy importante. Es decir, todos aquellos gastos corrientes del ejercicio que estén vinculados con el inmueble y que sean necesarios para la obtención del ingreso. Súper importante esto. que sean necesarios para la obtención de los",Fila derivada directamente del consolidado 05; solo se ha normalizado tema/subtema y se ha evitado duplicado prácticamente idéntico.
RG-002,114,Gastos deducibles,gastos deducibles,Distinguir tributos y recargos potencialmente deducibles frente a multas o sanciones no deducibles.,Distinguir tributos y recargos potencialmente deducibles frente a multas o sanciones no deducibles.,"IBI y ciertas tasas pueden entrar, pero las sanciones no.",Medio,Alta,Sí,Recibo IBI | Tasas locales | Liquidaciones,"Separar tributos, recargos y sanciones en el archivo fiscal.",¿Qué recargos e intereses locales son defendibles como deducibles y cuáles no?,#Clase 12: Otros gastos deducibles en el RCI,https://fiscalizarte.substack.com/p/clase-12-otros-gastos-deducibles,"s de demora. Pero si me han multado o me han sancionado por cualquier motivo, no se podría incluir. Es decir, se incluye recargos, intereses y demoras, no se incluyen multas ni sanciones, súper importante. Segundo grupito, saldo de dudoso cobro, ¿vale? Bueno, ya lo he comentado en alguna ocasión, so",Fila derivada directamente del consolidado 05; solo se ha normalizado tema/subtema y se ha evitado duplicado prácticamente idéntico.
RG-003,114,Alquiler por habitaciones,ingresos por habitación,El saldo de dudoso cobro exige plazo y primera gestión de cobro acreditable.,El saldo de dudoso cobro exige plazo y primera gestión de cobro acreditable.,"Si hay impago de una habitación, documenta desde el primer día la reclamación.",Alto,Alta,Sí,Requerimiento de pago | Correo o burofax | Extractos sin cobro,Abrir protocolo de impago con fecha de primera reclamación.,¿Qué prueba concreta acepta Hacienda para acreditar la primera gestión de cobro y el plazo de seis meses?,#Clase 12: Otros gastos deducibles en el RCI,https://fiscalizarte.substack.com/p/clase-12-otros-gastos-deducibles,"sión, sobre todo por el grupo de Telegram, de suscriptores Premium, pero que sepáis que aquellos ingresos que no han sido cobrados después de seis meses de la primera gestión de cobro, ¿vale? Y el 39 de diciembre, obviamente, pues es decir, desde que han transcurrido seis meses hasta el 31 de diciem",Fila derivada directamente del consolidado 05; solo se ha normalizado tema/subtema y se ha evitado duplicado prácticamente idéntico.
RG-004,114,Alquiler por habitaciones,ingresos por habitación,Las primas de seguros vinculadas al alquiler pueden ser deducibles.,Las primas de seguros vinculadas al alquiler pueden ser deducibles.,"Útil para RC, incendio, robo o impago si protegen la explotación del inmueble.",Medio,Alta,Sí,Póliza | Recibo del seguro | Justificante bancario,Guardar pólizas y recibos anuales en el expediente del inmueble.,¿Qué seguros concretos de mi alquiler por habitaciones son deducibles en IRPF?,#Clase 12: Otros gastos deducibles en el RCI,https://fiscalizarte.substack.com/p/clase-12-otros-gastos-deducibles,"seguros, ¿no? Pues todos aquellos seguros que yo pago y que son necesarios para obtener los ingresos, ¿vale? Seguro de responsabilidad civil, seguro de incendio, seguro de robo, seguro de impago de inclino, ¿vale? Muy comúnmente hoy en día. Es habitual que la mayoría de las inversiones que hacemos p",Fila derivada directamente del consolidado 05; solo se ha normalizado tema/subtema y se ha evitado duplicado prácticamente idéntico.
RG-005,114,Gastos deducibles,gastos deducibles,Los gastos de formalización del contrato y ciertos servicios profesionales pueden ser deducibles si están facturados.,Los gastos de formalización del contrato y ciertos servicios profesionales pueden ser deducibles si están facturados.,"Puede afectar a gestoría, abogado, inmobiliaria o redacción contractual.",Medio,Alta,Sí,Factura profesional | NIF/CIF proveedor | Justificante bancario,Pedir siempre factura nominativa de los servicios profesionales.,¿Qué servicios de gestión o redacción contractual puedo deducir sin elevar riesgo?,#Clase 12: Otros gastos deducibles en el RCI,https://fiscalizarte.substack.com/p/clase-12-otros-gastos-deducibles,"pues que sepáis que la cuota de ese seguro de impago anual me la puedo deducir, ¿vale? Es un gasto deducible. Gastos de formalización del contrato, si pago una gestoría, si pago una asesoría, pago a un abogado, pago a una inmobiliaria para que me redacte los contratos, pues todo eso se",Fila derivada directamente del consolidado 05; solo se ha normalizado tema/subtema y se ha evitado duplicado prácticamente idéntico.
RG-006,114,Alquiler por habitaciones,ingresos por habitación,Los suministros repercutidos deben declararse como ingreso y como gasto aunque el efecto final sea neutro.,Los suministros repercutidos deben declararse como ingreso y como gasto aunque el efecto final sea neutro.,Muy relevante si cobras habitación más suministros.,Alto,Alta,Sí,Contrato | Facturas de suministros | Cobros del inquilino,Separar contractualmente renta base y suministros repercutidos.,¿Cómo prorrateo y justifico los suministros cuando varias habitaciones comparten piso?,#Clase 12: Otros gastos deducibles en el RCI,https://fiscalizarte.substack.com/p/clase-12-otros-gastos-deducibles,"o. De tal forma que el efecto en renta sea neutro, sea cero. Si yo declaro 50 como ingresos y 50 como gastos, 50 menos 50 son cero, ¿vale? No tiene influencia... en renta, pero, ojo, que no tenga influencia en renta, que el efecto sea neutro fiscal, no quiere decir que",Fila derivada directamente del consolidado 05; solo se ha normalizado tema/subtema y se ha evitado duplicado prácticamente idéntico.
RG-007,114,Alquiler por habitaciones,ingresos por habitación,"Puede haber gastos deducibles fuera de la lista típica, pero exigen factura y necesidad real.","Puede haber gastos deducibles fuera de la lista típica, pero exigen factura y necesidad real.","Si delegas gestión o pagas un tercero, solo es defendible con factura y vínculo claro.",Alto,Alta,Sí,Factura | Contrato/encargo | Justificante bancario,No meter gastos atípicos sin factura y sin nota de justificación.,¿Qué gastos no estándar de gestión del alquiler por habitaciones son razonablemente defendibles?,#Clase 12: Otros gastos deducibles en el RCI,https://fiscalizarte.substack.com/p/clase-12-otros-gastos-deducibles,"a. Y luego, súper importante, lo que recargo aquí, que hay mucha gente que se confunde con esto. Estos gastos no son una lista cerrada. No son una lista cerrada, como lo veremos. Se puede incluir cualquier otro gasto, pero ojo, que sea necesario para obtener los ingresos. P",Fila derivada directamente del consolidado 05; solo se ha normalizado tema/subtema y se ha evitado duplicado prácticamente idéntico.
RG-008,114,Gastos deducibles,gastos deducibles,Prorratear determinados gastos al periodo realmente alquilado.,Prorratear determinados gastos al periodo realmente alquilado.,"Si no alquilas todo el año, necesitas criterio temporal defendible.",Medio,Alta,Sí,Calendario de alquiler | Contratos | Cuadro de prorrateo,Llevar calendario anual de ocupación y prorrateo.,¿Qué gastos debo prorratear por tiempo de alquiler y cuáles no?,#Clase 12: Otros gastos deducibles en el RCI,https://fiscalizarte.substack.com/p/clase-12-otros-gastos-deducibles,"total y lo acumulo. Ojo que aquí... Estoy acumulando importe anual, ¿vale? Y ojo, hay que tener en cuenta que solo me puedo deducir aquello en el cual el piso ha estado alquilado. Imaginaros que yo el piso lo he tenido alquilado desde junio a diciembre, que son seis meses, no me voy a meter aquí las",Fila derivada directamente del consolidado 05; solo se ha normalizado tema/subtema y se ha evitado duplicado prácticamente idéntico.
RG-009,114,Gastos deducibles,gastos deducibles,No deducir seguros de vida del préstamo salvo que fueran necesarios para obtenerlo.,No deducir seguros de vida del préstamo salvo que fueran necesarios para obtenerlo.,"Si la hipoteca tiene productos vinculados, distingue requisito real frente a bonificación comercial.",Alto,Alta,Sí,Oferta vinculante/FEIN | Escritura préstamo | Recibos del seguro,Revisar la documentación del préstamo antes de deducir seguros asociados.,¿Mi seguro vinculado al préstamo era requisito real o solo bonificación del tipo?,#Clase 12: Otros gastos deducibles en el RCI,https://fiscalizarte.substack.com/p/clase-12-otros-gastos-deducibles,"anterior pero, bueno, por la clase 11 que no recuerdo que era los seguros de vida, me lo pregunta mucha gente solo se puede meter aquí si son necesarios para obtener el préstamo, si no es necesario para obtener el préstamo es decir, un mero bonificador del tipo de interés no es un gasto deducible, v",Fila derivada directamente del consolidado 05; solo se ha normalizado tema/subtema y se ha evitado duplicado prácticamente idéntico.
RG-011,105,Gastos deducibles,gastos deducibles,"Distinguir correctamente gasto deducible, reparación o mejora según el criterio del post.","Distinguir correctamente gasto deducible, reparación o mejora según el criterio del post.",Útil para clasificar facturas y evitar errores ante Hacienda.,Alto,Alta,Sí,Factura detallada | Presupuesto | Fotos antes/después,Clasificar la factura afectada antes de meterla en renta.,¿Este gasto concreto encaja aquí o debería ir con otro tratamiento fiscal?,#Clase 13: Amortización del Mobiliario,https://fiscalizarte.substack.com/p/clase-13-amortizacion-del-mobiliario,"os estado viendo los diferentes gastos deducibles que se consideran gastos del ejercicio, es decir, gastos de reparación y conservación y intereses, gastos por interés y financiación, Hemos estado viendo también una amortización muy importante, que es la amort",Fila derivada directamente del consolidado 05; solo se ha normalizado tema/subtema y se ha evitado duplicado prácticamente idéntico.
RG-012,105,Amortización,amortización mobiliario,"Conservar documentación probatoria suficiente para defender ingresos, gastos o criterio fiscal.","Conservar documentación probatoria suficiente para defender ingresos, gastos o criterio fiscal.",Sirve para blindar una futura comprobación.,Medio,Alta,No,Facturas | Contratos | Extractos bancarios,Guardar el soporte probatorio vinculado a este criterio.,¿Qué soporte adicional conviene conservar para defender este punto?,#Clase 13: Amortización del Mobiliario,https://fiscalizarte.substack.com/p/clase-13-amortizacion-del-mobiliario,"año, ¿vale? también es requisito imprescindible una justificación documental, ¿vale? Es decir, que existe una factura de que yo haya escrito ese mobiliario. Y ojo, recargo, factura, no sirve un ticket. El ticket que te... que te dan cuando vas a comprar IKE",Fila derivada directamente del consolidado 05; solo se ha normalizado tema/subtema y se ha evitado duplicado prácticamente idéntico.
RG-013,77,Alquiler por habitaciones,habitaciones con distinta casuística,Declarar correctamente el rendimiento del alquiler en IRPF según el criterio explicado en el post.,Declarar correctamente el rendimiento del alquiler en IRPF según el criterio explicado en el post.,Puede afectar a cómo montas tu cálculo anual del alquiler por habitaciones.,Medio,Alta,Sí,Resumen anual de ingresos | Relación de gastos,Revisar si este criterio encaja con tu forma de declarar el alquiler.,¿Cómo debo aplicar este criterio de rendimiento neto/reducido en mi caso?,#Clase 16: Cálculo del Rendimiento Neto/Reducido.,https://fiscalizarte.substack.com/p/clase-16-calculo-del-rendimiento,¿Cuánto es el rendimiento neto que te queda?,Fila derivada directamente del consolidado 05; solo se ha normalizado tema/subtema y se ha evitado duplicado prácticamente idéntico.
RG-015,77,IRPF alquiler inmueble,renta mensual,"Distinguir correctamente gasto deducible, reparación o mejora según el criterio del post.","Distinguir correctamente gasto deducible, reparación o mejora según el criterio del post.",Útil para clasificar facturas y evitar errores ante Hacienda.,Alto,Alta,Sí,Factura detallada | Presupuesto | Fotos antes/después,Clasificar la factura afectada antes de meterla en renta.,¿Este gasto concreto encaja aquí o debería ir con otro tratamiento fiscal?,#Clase 16: Cálculo del Rendimiento Neto/Reducido.,https://fiscalizarte.substack.com/p/clase-16-calculo-del-rendimiento,¿Recuerdas ese gasto por reparación que dudabas si era deducible?,Fila derivada directamente del consolidado 05; solo se ha normalizado tema/subtema y se ha evitado duplicado prácticamente idéntico.
RG-016,77,IRPF alquiler inmueble,renta mensual,"Conservar documentación probatoria suficiente para defender ingresos, gastos o criterio fiscal.","Conservar documentación probatoria suficiente para defender ingresos, gastos o criterio fiscal.",Sirve para blindar una futura comprobación.,Medio,Alta,No,Facturas | Contratos | Extractos bancarios,Guardar el soporte probatorio vinculado a este criterio.,¿Qué soporte adicional conviene conservar para defender este punto?,#Clase 16: Cálculo del Rendimiento Neto/Reducido.,https://fiscalizarte.substack.com/p/clase-16-calculo-del-rendimiento,"estante. Se debe destinar a vivienda habitual la totalidad del inmueble. No es posible aplicar la reducción a contratos de temporada, como ahora veremos. debe atender la finalidad del arrendamiento, no tanto al contrato firmado, es decir, yo estoy alto de re",Fila derivada directamente del consolidado 05; solo se ha normalizado tema/subtema y se ha evitado duplicado prácticamente idéntico.
RG-017,14,Alquiler por habitaciones,habitaciones con distinta casuística,Declarar un arrendamiento por cada contrato/habitación cuando cada una tenga casuística propia.,Declarar un arrendamiento por cada contrato/habitación cuando cada una tenga casuística propia.,"Si alquilas por habitaciones, te conviene separar cada contrato para reflejar ingresos, incidencias y tratamiento fiscal propio.",Alto,Alta,Sí,Contrato por habitación | NIF/NIE arrendatario | Control de ocupación,Preparar una ficha separada por habitación/contrato.,¿Debo declarar cada habitación como arrendamiento separado en Renta Web aunque todo cuelgue de una sola referencia catastral?,#Clase 27: Declara tus pisos por habitaciones de esta forma y ahorra impuestos.,https://fiscalizarte.substack.com/p/clase-27-declara-tus-pisos-por-habitaciones,"habitaciones cada uno, pues voy a tener que declarar 16 arrendamientos. Es decir, cada arrendamiento, o sea, cada contrato para que quede claro tengo que declarar un arrendamiento por cada contrato que tenga firmado, ¿vale? Y esto así evitamos tener los problemas que tiene la mayoría de inversores.",Fila derivada directamente del consolidado 05; solo se ha normalizado tema/subtema y se ha evitado duplicado prácticamente idéntico.
RG-018,14,Alquiler por habitaciones,habitaciones con distinta casuística,No aplicar la reducción globalmente a todo el piso si no todas las habitaciones cumplen el mismo supuesto.,No aplicar la reducción globalmente a todo el piso si no todas las habitaciones cumplen el mismo supuesto.,"La reducción puede ser defendible en unas habitaciones y no en otras según contrato, duración o uso real.",Alto,Alta,Sí,Contrato | Prueba de uso/residencia | Histórico de inquilinos,Revisar habitación por habitación la posibilidad de reducción.,¿La reducción por vivienda habitual debo analizarla por habitación/contrato o por el inmueble completo?,#Clase 27: Declara tus pisos por habitaciones de esta forma y ahorra impuestos.,https://fiscalizarte.substack.com/p/clase-27-declara-tus-pisos-por-habitaciones,"que lo pide todo, la factura, el IBI, la comunidad, todo, todo hay que enviárselo. Y te dice Hacienda, vale, tú aquí tienes cuatro habitaciones y en dos de ellas no te puedo aplicar la reducción. La hemos liado, ¿por qué? Porque yo me estoy aplicando por defecto la reducción del 50 para todo el inmu",Fila derivada directamente del consolidado 05; solo se ha normalizado tema/subtema y se ha evitado duplicado prácticamente idéntico.
RG-019,14,Alquiler por habitaciones,habitaciones con distinta casuística,"Mantener expediente documental completo porque Hacienda puede pedir contratos, facturas y justificantes de pago.","Mantener expediente documental completo porque Hacienda puede pedir contratos, facturas y justificantes de pago.",En alquiler por habitaciones necesitas trazabilidad por contrato y por gasto.,Alto,Alta,No,Contratos | Facturas | Justificantes de pago | Extractos bancarios,Ordenar carpeta anual con subcarpetas por habitación y gasto.,¿Qué soporte documental mínimo conviene guardar por cada habitación para una comprobación?,#Clase 27: Declara tus pisos por habitaciones de esta forma y ahorra impuestos.,https://fiscalizarte.substack.com/p/clase-27-declara-tus-pisos-por-habitaciones,"ón, revisarme o comprobarme o abrirme un procedimiento de requerimiento que se llama y pedirme documentación. Me pide documentación, contratos, facturas, justificantes de pagos, me lo pide todo. Claro, se guarda la potestad de que tú has autodeclarado esto y ahora yo te reviso, te compruebo y si est",Fila derivada directamente del consolidado 05; solo se ha normalizado tema/subtema y se ha evitado duplicado prácticamente idéntico.
RG-020,141,Alquiler por habitaciones,habitaciones con distinta casuística,Declarar correctamente el rendimiento del alquiler en IRPF según el criterio explicado en el post.,Declarar correctamente el rendimiento del alquiler en IRPF según el criterio explicado en el post.,Puede afectar a cómo montas tu cálculo anual del alquiler por habitaciones.,Medio,Alta,Sí,Resumen anual de ingresos | Relación de gastos,Revisar si este criterio encaja con tu forma de declarar el alquiler.,¿Cómo debo aplicar este criterio de rendimiento neto/reducido en mi caso?,#Clase 6: Cálculo del Rendimiento de Capital Inmobiliario.,https://fiscalizarte.substack.com/p/clase-6-calculo-del-rendimiento-de,sobre el rendimiento neto positivo (siempre que declares correctamente todos los datos).,Fila derivada directamente del consolidado 05; solo se ha normalizado tema/subtema y se ha evitado duplicado prácticamente idéntico.
RG-022,141,Gastos deducibles,gastos deducibles,"Distinguir correctamente gasto deducible, reparación o mejora según el criterio del post.","Distinguir correctamente gasto deducible, reparación o mejora según el criterio del post.",Útil para clasificar facturas y evitar errores ante Hacienda.,Alto,Alta,Sí,Factura detallada | Presupuesto | Fotos antes/después,Clasificar la factura afectada antes de meterla en renta.,¿Este gasto concreto encaja aquí o debería ir con otro tratamiento fiscal?,#Clase 6: Cálculo del Rendimiento de Capital Inmobiliario.,https://fiscalizarte.substack.com/p/clase-6-calculo-del-rendimiento-de,"➡️ le restas todos los gastos deducibles: IBI, comunidad, intereses de hipoteca, seguros, reparaciones, amortización, suministros si los pagas tú, etc.",Fila derivada directamente del consolidado 05; solo se ha normalizado tema/subtema y se ha evitado duplicado prácticamente idéntico.
RG-023,135,Alquiler por habitaciones,habitaciones con distinta casuística,Declarar correctamente el rendimiento del alquiler en IRPF según el criterio explicado en el post.,Declarar correctamente el rendimiento del alquiler en IRPF según el criterio explicado en el post.,Puede afectar a cómo montas tu cálculo anual del alquiler por habitaciones.,Medio,Alta,Sí,Resumen anual de ingresos | Relación de gastos,Revisar si este criterio encaja con tu forma de declarar el alquiler.,¿Cómo debo aplicar este criterio de rendimiento neto/reducido en mi caso?,#Clase 8: Gastos Deducibles (Cuestiones Comunes),https://fiscalizarte.substack.com/p/clase-8-gastos-deducibles-cuestiones,"A la hora de declarar los rendimientos del capital inmobiliario en tu declaración de la renta, es fundamental conocer qué",Fila derivada directamente del consolidado 05; solo se ha normalizado tema/subtema y se ha evitado duplicado prácticamente idéntico.
RG-025,135,Gastos deducibles,gastos deducibles,"Distinguir correctamente gasto deducible, reparación o mejora según el criterio del post.","Distinguir correctamente gasto deducible, reparación o mejora según el criterio del post.",Útil para clasificar facturas y evitar errores ante Hacienda.,Alto,Alta,Sí,Factura detallada | Presupuesto | Fotos antes/después,Clasificar la factura afectada antes de meterla en renta.,¿Este gasto concreto encaja aquí o debería ir con otro tratamiento fiscal?,#Clase 8: Gastos Deducibles (Cuestiones Comunes),https://fiscalizarte.substack.com/p/clase-8-gastos-deducibles-cuestiones,Reparaciones y mantenimiento del inmueble.,Fila derivada directamente del consolidado 05; solo se ha normalizado tema/subtema y se ha evitado duplicado prácticamente idéntico.
RG-026,135,Alquiler por habitaciones,ingresos por habitación,"Conservar documentación probatoria suficiente para defender ingresos, gastos o criterio fiscal.","Conservar documentación probatoria suficiente para defender ingresos, gastos o criterio fiscal.",Sirve para blindar una futura comprobación.,Medio,Alta,No,Facturas | Contratos | Extractos bancarios,Guardar el soporte probatorio vinculado a este criterio.,¿Qué soporte adicional conviene conservar para defender este punto?,#Clase 8: Gastos Deducibles (Cuestiones Comunes),https://fiscalizarte.substack.com/p/clase-8-gastos-deducibles-cuestiones,"iler por habitaciones... hay propietarios, hay arrendadores que optan por repercutir gastos al inquilino tipo factura de luz, tipo factura de agua, el wifi, etc. ¿Qué quiere decir esto de la repercusión? Pues no quiere decir otra cosa que es el propietario",Fila derivada directamente del consolidado 05; solo se ha normalizado tema/subtema y se ha evitado duplicado prácticamente idéntico.
RG-027,146,IRPF alquiler inmueble,renta mensual,"Distinguir correctamente gasto deducible, reparación o mejora según el criterio del post.","Distinguir correctamente gasto deducible, reparación o mejora según el criterio del post.",Útil para clasificar facturas y evitar errores ante Hacienda.,Alto,Alta,Sí,Factura detallada | Presupuesto | Fotos antes/después,Clasificar la factura afectada antes de meterla en renta.,¿Este gasto concreto encaja aquí o debería ir con otro tratamiento fiscal?,Reparaciones en tu edificio alquilado: ¿puedes deducirlas en el IRPF?,https://fiscalizarte.substack.com/p/reparaciones-en-tu-edificio-alquilado,Hoy hablamos de un caso que te puede interesar si tienes una propiedad en alquiler y necesitas hacer reparaciones.,Fila derivada directamente del consolidado 05; solo se ha normalizado tema/subtema y se ha evitado duplicado prácticamente idéntico.
RG-028,146,IRPF alquiler inmueble,renta mensual,"Conservar documentación probatoria suficiente para defender ingresos, gastos o criterio fiscal.","Conservar documentación probatoria suficiente para defender ingresos, gastos o criterio fiscal.",Sirve para blindar una futura comprobación.,Medio,Alta,No,Facturas | Contratos | Extractos bancarios,Guardar el soporte probatorio vinculado a este criterio.,¿Qué soporte adicional conviene conservar para defender este punto?,Reparaciones en tu edificio alquilado: ¿puedes deducirlas en el IRPF?,https://fiscalizarte.substack.com/p/reparaciones-en-tu-edificio-alquilado,Asegúrate de que la factura del proveedor,Fila derivada directamente del consolidado 05; solo se ha normalizado tema/subtema y se ha evitado duplicado prácticamente idéntico.
RG-029,174,Alquiler por habitaciones,habitaciones con distinta casuística,Declarar correctamente el rendimiento del alquiler en IRPF según el criterio explicado en el post.,Declarar correctamente el rendimiento del alquiler en IRPF según el criterio explicado en el post.,Puede afectar a cómo montas tu cálculo anual del alquiler por habitaciones.,Medio,Alta,Sí,Resumen anual de ingresos | Relación de gastos,Revisar si este criterio encaja con tu forma de declarar el alquiler.,¿Cómo debo aplicar este criterio de rendimiento neto/reducido en mi caso?,¿Alquilas habitaciones en tu vivienda habitual? Así afecta a tu IRPF y a la exención por venta de vivienda habitual,https://fiscalizarte.substack.com/p/alquilas-habitaciones-en-tu-vivienda,rendimientos del capital inmobiliario,Fila derivada directamente del consolidado 05; solo se ha normalizado tema/subtema y se ha evitado duplicado prácticamente idéntico.
RG-031,174,Alquiler por habitaciones,habitaciones con distinta casuística,"Distinguir correctamente gasto deducible, reparación o mejora según el criterio del post.","Distinguir correctamente gasto deducible, reparación o mejora según el criterio del post.",Útil para clasificar facturas y evitar errores ante Hacienda.,Alto,Alta,Sí,Factura detallada | Presupuesto | Fotos antes/después,Clasificar la factura afectada antes de meterla en renta.,¿Este gasto concreto encaja aquí o debería ir con otro tratamiento fiscal?,¿Alquilas habitaciones en tu vivienda habitual? Así afecta a tu IRPF y a la exención por venta de vivienda habitual,https://fiscalizarte.substack.com/p/alquilas-habitaciones-en-tu-vivienda,Gastos de reparación y conservación:,Fila derivada directamente del consolidado 05; solo se ha normalizado tema/subtema y se ha evitado duplicado prácticamente idéntico.
RG-033,91,Alquiler por habitaciones,habitaciones con distinta casuística,"Distinguir correctamente gasto deducible, reparación o mejora según el criterio del post.","Distinguir correctamente gasto deducible, reparación o mejora según el criterio del post.",Útil para clasificar facturas y evitar errores ante Hacienda.,Alto,Alta,Sí,Factura detallada | Presupuesto | Fotos antes/después,Clasificar la factura afectada antes de meterla en renta.,¿Este gasto concreto encaja aquí o debería ir con otro tratamiento fiscal?,"🏠 Alquilas tu piso por habitaciones… pero, ¿sabes cómo declarar bien la amortización del inmueble?",https://fiscalizarte.substack.com/p/alquilas-tu-piso-por-habitaciones,"Más gastos → suministros, comunidad, reparaciones, IBI, seguros… todo proporcional.",Fila derivada directamente del consolidado 05; solo se ha normalizado tema/subtema y se ha evitado duplicado prácticamente idéntico.
RG-034,91,Alquiler por habitaciones,habitaciones con distinta casuística,"Conservar documentación probatoria suficiente para defender ingresos, gastos o criterio fiscal.","Conservar documentación probatoria suficiente para defender ingresos, gastos o criterio fiscal.",Sirve para blindar una futura comprobación.,Medio,Alta,No,Facturas | Contratos | Extractos bancarios,Guardar el soporte probatorio vinculado a este criterio.,¿Qué soporte adicional conviene conservar para defender este punto?,"🏠 Alquilas tu piso por habitaciones… pero, ¿sabes cómo declarar bien la amortización del inmueble?",https://fiscalizarte.substack.com/p/alquilas-tu-piso-por-habitaciones,✔️ Cada contrato de alquiler de habitación genera un,Fila derivada directamente del consolidado 05; solo se ha normalizado tema/subtema y se ha evitado duplicado prácticamente idéntico.
RG-035,116,Reparación vs mejora,mejora / ampliación,Es reparación o conservación lo destinado a mantener el uso normal del inmueble o sustituir elementos sin mejorar valor o vida útil.,Es reparación o conservación lo destinado a mantener el uso normal del inmueble o sustituir elementos sin mejorar valor o vida útil.,"Te sirve para clasificar pintura, reposiciones y arreglos ordinarios.",Alto,Alta,Sí,Factura detallada | Descripción técnica | Fotos antes/después,Etiquetar cada factura como reparación o mejora antes de declararla.,¿Esta factura mantiene el uso normal del inmueble o incrementa valor/vida útil?,#Clase 11: Los gastos de reparación y conservación,https://fiscalizarte.substack.com/p/clase-11-los-gastos-de-reparacion,"e compramos para alquilar, los permite deducino aquellos gatos que realizamos de forma regular para que, para mantener el uso normal del inmueble. O, a que yo gato en los que incurrimos para sustituir uno de los elementos por otro, ¿vale? Yo jo, super importante esto y lo pongo en may",Fila derivada directamente del consolidado 05; solo se ha normalizado tema/subtema y se ha evitado duplicado prácticamente idéntico.
RG-036,116,Gastos deducibles,gastos deducibles,Las ampliaciones o mejoras tienen tratamiento distinto y no deben meterse como reparación directa.,Las ampliaciones o mejoras tienen tratamiento distinto y no deben meterse como reparación directa.,"Si la actuación eleva calidad, capacidad o vida útil, el riesgo de error es alto.",Alto,Alta,Sí,Factura | Memoria o presupuesto | Comparativa antes/después,Separar físicamente facturas de mejora y de conservación.,¿Esta actuación debe tratarse como mejora amortizable y no como gasto directo?,#Clase 11: Los gastos de reparación y conservación,https://fiscalizarte.substack.com/p/clase-11-los-gastos-de-reparacion,"La legislación tributaria nos permite deducirnos como arrendadores de inmuebles, este tipo de gastos por mantenimiento del inmueble, pero NO podemos confundir estos gastos con aquellas actuaciones realizadas al inmueble consideradas como ampliaciones o mejoras del mismo.",Fila derivada directamente del consolidado 05; solo se ha normalizado tema/subtema y se ha evitado duplicado prácticamente idéntico.
RG-037,116,Alquiler por habitaciones,habitaciones con distinta casuística,Ciertos gastos de reparación previos al alquiler o entre arrendamientos pueden ser defendibles si preparan el inmueble para alquilarlo.,Ciertos gastos de reparación previos al alquiler o entre arrendamientos pueden ser defendibles si preparan el inmueble para alquilarlo.,Útil si haces puesta a punto antes de alquilar habitaciones.,Alto,Alta,Sí,Factura | Fecha | Prueba de puesta en alquiler,Guardar cronología entre reparación y puesta en alquiler.,¿Hasta qué margen temporal previo al alquiler puedo defender una reparación como deducible?,#Clase 11: Los gastos de reparación y conservación,https://fiscalizarte.substack.com/p/clase-11-los-gastos-de-reparacion,"? Se deduce que íntegramente sin proratear entre los días de rendamiento, ¿vale? Es un mucho cuidado también, se permite también deducirme los gatos anterior al nicio de rendamiento y los gatos entre rendamientos, esto me lo pregunta mucha gente, ¿vale? Yo compro un piso, lo tengo que pintar, lo ten",Fila derivada directamente del consolidado 05; solo se ha normalizado tema/subtema y se ha evitado duplicado prácticamente idéntico.
RG-038,116,Gastos deducibles,gastos deducibles,No es defendible rescatar reparaciones antiguas ligadas a uso propio previo para deducirlas después.,No es defendible rescatar reparaciones antiguas ligadas a uso propio previo para deducirlas después.,"Si antes usabas tú el piso, cuidado con llevar a renta gastos viejos de puesta a punto.",Alto,Alta,Sí,Cronología de uso del inmueble | Facturas | Fecha de inicio del alquiler,Separar claramente uso propio y periodo de preparación/alquiler.,¿Desde qué fecha podría Hacienda considerar conectada la reparación con la futura obtención del ingreso?,#Clase 11: Los gastos de reparación y conservación,https://fiscalizarte.substack.com/p/clase-11-los-gastos-de-reparacion,"a decir que no, pero luego si viene haciendo, a caso una comprobación, un requerimiento, te pedirán factura y te sancionarán, obviamente. No sé, bueno, vuelva a recarcar, porque ya la habéis visto la clase anterior, es muy importante que si en sí se ha gasto de es",Fila derivada directamente del consolidado 05; solo se ha normalizado tema/subtema y se ha evitado duplicado prácticamente idéntico.
RG-039,116,Gastos deducibles,gastos deducibles,El uso propio intermedio puede romper la defensa de ciertos gastos previos o entre arrendamientos.,El uso propio intermedio puede romper la defensa de ciertos gastos previos o entre arrendamientos.,"Si quieres deducir la puesta en alquiler, evita mezclar uso propio intermedio.",Alto,Alta,Sí,Cronología de ocupación | Pruebas de no uso propio,Documentar cuándo cesó el uso propio y cuándo empezó la puesta en alquiler.,¿Qué pruebas conviene conservar para acreditar que no hubo uso propio entre la obra y el alquiler?,#Clase 11: Los gastos de reparación y conservación,https://fiscalizarte.substack.com/p/clase-11-los-gastos-de-reparacion,"epto, podemos hacer un sopropido el piso entre la compre del alquiler, ¿vale? Si hacemos uso propio del piso, la posibilidad aplicamente tipo de gasto desaparece, siempre sí. Y súper importante también que la factura debe costar la dirección del imóla alquilado, ¿vale? Esto también para la comprar e",Fila derivada directamente del consolidado 05; solo se ha normalizado tema/subtema y se ha evitado duplicado prácticamente idéntico.
RG-040,116,Reparación vs mejora,mejora / ampliación,La factura debería identificar la dirección del inmueble alquilado.,La factura debería identificar la dirección del inmueble alquilado.,Refuerza mucho la defensa probatoria de reparaciones y mobiliario.,Alto,Alta,No,Factura con dirección del inmueble | Justificante bancario,Pedir a proveedores facturas con la dirección exacta del piso alquilado.,"¿Si ya tengo facturas sin dirección, qué soporte adicional refuerza mejor su vinculación al inmueble?",#Clase 11: Los gastos de reparación y conservación,https://fiscalizarte.substack.com/p/clase-11-los-gastos-de-reparacion,"pio del piso, la posibilidad aplicamente tipo de gasto desaparece, siempre sí. Y súper importante también que la factura debe costar la dirección del imóla alquilado, ¿vale? Esto también para la comprar el movilitario, es conveniente que en la propia factura, pues aparezca, me den esta dirección per",Fila derivada directamente del consolidado 05; solo se ha normalizado tema/subtema y se ha evitado duplicado prácticamente idéntico.
RG-041,116,Reparación vs mejora,mejora / ampliación,Llevar control de excesos pendientes para no perder deducción en años posteriores.,Llevar control de excesos pendientes para no perder deducción en años posteriores.,"Si gastos no aplicados superan límites, necesitas control anual propio.",Medio,Alta,Sí,Cuadro anual de pendientes | Copia de declaraciones,Crear hoja de seguimiento de saldos pendientes por inmueble y ejercicio.,¿Cómo conviene documentar y arrastrar a años siguientes los gastos no aplicados?,#Clase 11: Los gastos de reparación y conservación,https://fiscalizarte.substack.com/p/clase-11-los-gastos-de-reparacion,"iguales, para que me voy a meterlo de ejercicio siguiente, bueno, pues si tú no rellen esta casiguita, aquí, el año que viene, el programa, no te va a recordar, que tienes pendiente de aplicar esto, vale, estos 6.000 euros, no te van a aparecer año que viene en la casiguita anterior, por lo tanto,",Fila derivada directamente del consolidado 05; solo se ha normalizado tema/subtema y se ha evitado duplicado prácticamente idéntico.
RG-042,201,Gastos deducibles,gastos deducibles,"Distinguir correctamente gasto deducible, reparación o mejora según el criterio del post.","Distinguir correctamente gasto deducible, reparación o mejora según el criterio del post.",Útil para clasificar facturas y evitar errores ante Hacienda.,Alto,Alta,Sí,Factura detallada | Presupuesto | Fotos antes/después,Clasificar la factura afectada antes de meterla en renta.,¿Este gasto concreto encaja aquí o debería ir con otro tratamiento fiscal?,¿Sabías que puedes deducir los gastos de reparación de tus pisos en alquiler? 🛠️💸,https://fiscalizarte.substack.com/p/sabias-que-puedes-deducir-los-gastos,"Si tienes inmuebles alquilados y te encargas tú mismo de las reparaciones, ¡esto te interesa! Hoy te cuento cómo puedes deducir estos gastos y qué necesitas para justificarlo ante Hacienda, explicado sin rodeos.",Fila derivada directamente del consolidado 05; solo se ha normalizado tema/subtema y se ha evitado duplicado prácticamente idéntico.
RG-043,201,Gastos deducibles,gastos deducibles,"Conservar documentación probatoria suficiente para defender ingresos, gastos o criterio fiscal.","Conservar documentación probatoria suficiente para defender ingresos, gastos o criterio fiscal.",Sirve para blindar una futura comprobación.,Medio,Alta,No,Facturas | Contratos | Extractos bancarios,Guardar el soporte probatorio vinculado a este criterio.,¿Qué soporte adicional conviene conservar para defender este punto?,¿Sabías que puedes deducir los gastos de reparación de tus pisos en alquiler? 🛠️💸,https://fiscalizarte.substack.com/p/sabias-que-puedes-deducir-los-gastos,"Aquí viene la gran pregunta: ¿cómo justificas que esos gastos son reales? Hacienda te dirá que lo ideal es una factura, pero no te asustes si no tienes todas. También puedes usar otros documentos como:",Fila derivada directamente del consolidado 05; solo se ha normalizado tema/subtema y se ha evitado duplicado prácticamente idéntico.
RG-045,118,Gastos deducibles,gastos deducibles,"Distinguir correctamente gasto deducible, reparación o mejora según el criterio del post.","Distinguir correctamente gasto deducible, reparación o mejora según el criterio del post.",Útil para clasificar facturas y evitar errores ante Hacienda.,Alto,Alta,Sí,Factura detallada | Presupuesto | Fotos antes/después,Clasificar la factura afectada antes de meterla en renta.,¿Este gasto concreto encaja aquí o debería ir con otro tratamiento fiscal?,#Clase 10: Los intereses y gastos de financiación,https://fiscalizarte.substack.com/p/clase-10-los-intereses-y-gastos-de,"carga fiscal. Entonces, son estos gastos junto con los que veremos en la clase siguiente, que son los gastos reparación conservación, son dos grupos de gastos muy importantes por la influencia que tienen la carga fiscal, ¿vale? Como veremos. Entonces, bueno,",Fila derivada directamente del consolidado 05; solo se ha normalizado tema/subtema y se ha evitado duplicado prácticamente idéntico.
RG-046,118,Intereses hipotecarios,intereses préstamo,"Conservar documentación probatoria suficiente para defender ingresos, gastos o criterio fiscal.","Conservar documentación probatoria suficiente para defender ingresos, gastos o criterio fiscal.",Sirve para blindar una futura comprobación.,Medio,Alta,No,Facturas | Contratos | Extractos bancarios,Guardar el soporte probatorio vinculado a este criterio.,¿Qué soporte adicional conviene conservar para defender este punto?,#Clase 10: Los intereses y gastos de financiación,https://fiscalizarte.substack.com/p/clase-10-los-intereses-y-gastos-de,"ueble, yo tengo el pilado, no, debe quedar claro, no, se debe identificar en la escritura de hipoteca o en el contrato de préstamos, que el préstamos que yo he pedido es para comprar ese inmueble en concreto, ¿vale? Eso, pues bueno, ya sabéis que si haciendo",Fila derivada directamente del consolidado 05; solo se ha normalizado tema/subtema y se ha evitado duplicado prácticamente idéntico.
RG-049,214,IRPF alquiler inmueble,renta mensual,"Conservar documentación probatoria suficiente para defender ingresos, gastos o criterio fiscal.","Conservar documentación probatoria suficiente para defender ingresos, gastos o criterio fiscal.",Sirve para blindar una futura comprobación.,Medio,Alta,No,Facturas | Contratos | Extractos bancarios,Guardar el soporte probatorio vinculado a este criterio.,¿Qué soporte adicional conviene conservar para defender este punto?,No cometas este grave error al declarar tus alquileres,https://fiscalizarte.substack.com/p/no-cometas-este-grave-error-al-declarar,"Estos últimos días, revisando y ordenando las facturas con el objetivo de preparar la próxima declaración de la renta me he vuelto a dar cuenta de la gran olvidada: la amortización fiscal de la construcción…",Fila derivada directamente del consolidado 05; solo se ha normalizado tema/subtema y se ha evitado duplicado prácticamente idéntico.
RG-051,102,Gastos deducibles,gastos deducibles,"Distinguir correctamente gasto deducible, reparación o mejora según el criterio del post.","Distinguir correctamente gasto deducible, reparación o mejora según el criterio del post.",Útil para clasificar facturas y evitar errores ante Hacienda.,Alto,Alta,Sí,Factura detallada | Presupuesto | Fotos antes/después,Clasificar la factura afectada antes de meterla en renta.,¿Este gasto concreto encaja aquí o debería ir con otro tratamiento fiscal?,#Clase 14: Amortización de las mejoras.,https://fiscalizarte.substack.com/p/clase-14-amortizacion-de-las-mejoras,MEJORA y/o REPARACIÓN/CONSERVACIÓN?,Fila derivada directamente del consolidado 05; solo se ha normalizado tema/subtema y se ha evitado duplicado prácticamente idéntico.
RG-052,102,Reparación vs mejora,mejora / ampliación,"Conservar documentación probatoria suficiente para defender ingresos, gastos o criterio fiscal.","Conservar documentación probatoria suficiente para defender ingresos, gastos o criterio fiscal.",Sirve para blindar una futura comprobación.,Medio,Alta,No,Facturas | Contratos | Extractos bancarios,Guardar el soporte probatorio vinculado a este criterio.,¿Qué soporte adicional conviene conservar para defender este punto?,#Clase 14: Amortización de las mejoras.,https://fiscalizarte.substack.com/p/clase-14-amortizacion-de-las-mejoras,"Hay un gran debate y es que De esa reforma que yo le hago al inmueble habrá conceptos de esa reforma, de esa factura, que se considerarán mejoras, es decir, que tienen el carácter fiscal de mejora para Hacienda y habrá otros conceptos que se consideren gas",Fila derivada directamente del consolidado 05; solo se ha normalizado tema/subtema y se ha evitado duplicado prácticamente idéntico.
RG-055,75,Suministros / comunidad / IBI / seguros,IBI,"Conservar documentación probatoria suficiente para defender ingresos, gastos o criterio fiscal.","Conservar documentación probatoria suficiente para defender ingresos, gastos o criterio fiscal.",Sirve para blindar una futura comprobación.,Medio,Media,No,Facturas | Contratos | Extractos bancarios,Guardar el soporte probatorio vinculado a este criterio.,¿Qué soporte adicional conviene conservar para defender este punto?,🧾 Fiscalidad Inmobiliaria | ¿Cómo se calcula la amortización fiscal de un inmueble heredado y alquilado?,https://fiscalizarte.substack.com/p/fiscalidad-inmobiliaria-como-se-calcula,📌 Recuerda: es clave documentar bien tanto el valor del ISD como el del IBI por si Hacienda requiere justificantes.,Fila derivada directamente del consolidado 05; solo se ha normalizado tema/subtema y se ha evitado duplicado prácticamente idéntico.
RG-058,224,Gastos deducibles,gastos deducibles,"Distinguir correctamente gasto deducible, reparación o mejora según el criterio del post.","Distinguir correctamente gasto deducible, reparación o mejora según el criterio del post.",Útil para clasificar facturas y evitar errores ante Hacienda.,Alto,Alta,Sí,Factura detallada | Presupuesto | Fotos antes/después,Clasificar la factura afectada antes de meterla en renta.,¿Este gasto concreto encaja aquí o debería ir con otro tratamiento fiscal?,Directo y al grano!,https://fiscalizarte.substack.com/p/directo-y-al-grano,reparación y mantenimiento,Fila derivada directamente del consolidado 05; solo se ha normalizado tema/subtema y se ha evitado duplicado prácticamente idéntico.
RG-059,224,Gastos deducibles,gastos deducibles,"Conservar documentación probatoria suficiente para defender ingresos, gastos o criterio fiscal.","Conservar documentación probatoria suficiente para defender ingresos, gastos o criterio fiscal.",Sirve para blindar una futura comprobación.,Medio,Alta,No,Facturas | Contratos | Extractos bancarios,Guardar el soporte probatorio vinculado a este criterio.,¿Qué soporte adicional conviene conservar para defender este punto?,Directo y al grano!,https://fiscalizarte.substack.com/p/directo-y-al-grano,"y gastos de financiación. Si has comprado el inmueble con hipoteca, puedes incluir como gasto deducible los intereses pagados al banco (encontrarás este importe en el justificante del banco de cargo de cuota del préstamo, donde aparece separada la parte de devolución y los intereses).",Fila derivada directamente del consolidado 05; solo se ha normalizado tema/subtema y se ha evitado duplicado prácticamente idéntico.
RG-060,88,Alquiler por habitaciones,habitaciones con distinta casuística,Declarar correctamente el rendimiento del alquiler en IRPF según el criterio explicado en el post.,Declarar correctamente el rendimiento del alquiler en IRPF según el criterio explicado en el post.,Puede afectar a cómo montas tu cálculo anual del alquiler por habitaciones.,Medio,Alta,Sí,Resumen anual de ingresos | Relación de gastos,Revisar si este criterio encaja con tu forma de declarar el alquiler.,¿Cómo debo aplicar este criterio de rendimiento neto/reducido en mi caso?,"🏠💸 ERROR FRECUENTE EN RENTAS DE INMUEBLES: ""Se me olvidaron los gastos de reparación el año pasado... ¿Y ahora qué?",https://fiscalizarte.substack.com/p/error-frecuente-en-rentas-de-inmuebles,rendimientos del capital inmobiliario,Fila derivada directamente del consolidado 05; solo se ha normalizado tema/subtema y se ha evitado duplicado prácticamente idéntico.
RG-061,88,Gastos deducibles,gastos deducibles,"Distinguir correctamente gasto deducible, reparación o mejora según el criterio del post.","Distinguir correctamente gasto deducible, reparación o mejora según el criterio del post.",Útil para clasificar facturas y evitar errores ante Hacienda.,Alto,Alta,Sí,Factura detallada | Presupuesto | Fotos antes/después,Clasificar la factura afectada antes de meterla en renta.,¿Este gasto concreto encaja aquí o debería ir con otro tratamiento fiscal?,"🏠💸 ERROR FRECUENTE EN RENTAS DE INMUEBLES: ""Se me olvidaron los gastos de reparación el año pasado... ¿Y ahora qué?",https://fiscalizarte.substack.com/p/error-frecuente-en-rentas-de-inmuebles,Los gastos de reparación y conservación son deducibles,Fila derivada directamente del consolidado 05; solo se ha normalizado tema/subtema y se ha evitado duplicado prácticamente idéntico.
RG-063,61,Gastos deducibles,gastos deducibles,"Distinguir correctamente gasto deducible, reparación o mejora según el criterio del post.","Distinguir correctamente gasto deducible, reparación o mejora según el criterio del post.",Útil para clasificar facturas y evitar errores ante Hacienda.,Alto,Alta,Sí,Factura detallada | Presupuesto | Fotos antes/después,Clasificar la factura afectada antes de meterla en renta.,¿Este gasto concreto encaja aquí o debería ir con otro tratamiento fiscal?,"🧾 ¿Comprar, reformar y vender pisos como autónomo o como persona física? La clave fiscal que puede cambiar tu rentabilidad",https://fiscalizarte.substack.com/p/comprar-reformar-y-vender-pisos-como,"“En el curso se recomienda darse de alta como autónomo con actividad económica para deducir gastos de conservación y reparación. Pero entonces la ganancia tributa en la base general… y eso implica pagar mucho más que si tributa como ganancia patrimonial en la base del ahorro, ¿no?",Fila derivada directamente del consolidado 05; solo se ha normalizado tema/subtema y se ha evitado duplicado prácticamente idéntico.
RG-065,84,Gastos deducibles,gastos deducibles,"Distinguir correctamente gasto deducible, reparación o mejora según el criterio del post.","Distinguir correctamente gasto deducible, reparación o mejora según el criterio del post.",Útil para clasificar facturas y evitar errores ante Hacienda.,Alto,Alta,Sí,Factura detallada | Presupuesto | Fotos antes/después,Clasificar la factura afectada antes de meterla en renta.,¿Este gasto concreto encaja aquí o debería ir con otro tratamiento fiscal?,#Clase 15: Cuestiones Comunes a los gastos deducibles.,https://fiscalizarte.substack.com/p/clase-15-cuestiones-comunes-a-los,protosolotó a cargar el suelo y tarde un meí me dio un reparar porque la empresa que me hace la reforma o la reparación pues me da cita de aquí un meí meí meí meí entre arrenamientos aunque no te ha ilchido a del imueble de ese meí meí meí meí los gatos de re,Fila derivada directamente del consolidado 05; solo se ha normalizado tema/subtema y se ha evitado duplicado prácticamente idéntico.
RG-066,84,Gastos deducibles,gastos deducibles,"Conservar documentación probatoria suficiente para defender ingresos, gastos o criterio fiscal.","Conservar documentación probatoria suficiente para defender ingresos, gastos o criterio fiscal.",Sirve para blindar una futura comprobación.,Medio,Alta,No,Facturas | Contratos | Extractos bancarios,Guardar el soporte probatorio vinculado a este criterio.,¿Qué soporte adicional conviene conservar para defender este punto?,#Clase 15: Cuestiones Comunes a los gastos deducibles.,https://fiscalizarte.substack.com/p/clase-15-cuestiones-comunes-a-los,"y repararlo como gasto de un siglo porque va a tener problemas, te va a llevar una comprobación te va a pedir factura, va a la vez que ha pasado un plazo de tiempo muy exterso y te van a guitarlo a estos que te ha imputado, así he chamalando cosas prudencia",Fila derivada directamente del consolidado 05; solo se ha normalizado tema/subtema y se ha evitado duplicado prácticamente idéntico.
RG-067,29,Alquiler por habitaciones,habitaciones con distinta casuística,Declarar correctamente el rendimiento del alquiler en IRPF según el criterio explicado en el post.,Declarar correctamente el rendimiento del alquiler en IRPF según el criterio explicado en el post.,Puede afectar a cómo montas tu cálculo anual del alquiler por habitaciones.,Medio,Alta,Sí,Resumen anual de ingresos | Relación de gastos,Revisar si este criterio encaja con tu forma de declarar el alquiler.,¿Cómo debo aplicar este criterio de rendimiento neto/reducido en mi caso?,#Clase 25: 100% IRPF en alquiler: la letra pequeña que te interesa de verdad.,https://fiscalizarte.substack.com/p/clase-25-100-irpf-en-alquiler-la,", ¿vale? Y, pues, Tengo una serie de gastos que ya sabéis que os podéis deducir para llegar a lo que sería el rendimiento neto antes de aplicarme la reducción, ¿vale? ¿Cuáles son estos gastos? Una comunidad de 720 euros, un seguro de impago de 384 euros, ¿vale? No l",Fila derivada directamente del consolidado 05; solo se ha normalizado tema/subtema y se ha evitado duplicado prácticamente idéntico.
RG-069,29,IRPF alquiler inmueble,renta mensual,"Distinguir correctamente gasto deducible, reparación o mejora según el criterio del post.","Distinguir correctamente gasto deducible, reparación o mejora según el criterio del post.",Útil para clasificar facturas y evitar errores ante Hacienda.,Alto,Alta,Sí,Factura detallada | Presupuesto | Fotos antes/después,Clasificar la factura afectada antes de meterla en renta.,¿Este gasto concreto encaja aquí o debería ir con otro tratamiento fiscal?,#Clase 25: 100% IRPF en alquiler: la letra pequeña que te interesa de verdad.,https://fiscalizarte.substack.com/p/clase-25-100-irpf-en-alquiler-la,"engo un seguro de hogar de 150 euros, tengo un IBI, un impuesto a bien inmueble de 300, ¿vale? Unos gastos de reparación y conservación que me he podido deducir de 500 euros y una amortización fiscal, ¿vale? Esto iría aquí, ¿vale? De 4.500 euros anuales. Pues",Fila derivada directamente del consolidado 05; solo se ha normalizado tema/subtema y se ha evitado duplicado prácticamente idéntico.
RG-070,29,IRPF alquiler inmueble,renta mensual,"Conservar documentación probatoria suficiente para defender ingresos, gastos o criterio fiscal.","Conservar documentación probatoria suficiente para defender ingresos, gastos o criterio fiscal.",Sirve para blindar una futura comprobación.,Medio,Alta,No,Facturas | Contratos | Extractos bancarios,Guardar el soporte probatorio vinculado a este criterio.,¿Qué soporte adicional conviene conservar para defender este punto?,#Clase 25: 100% IRPF en alquiler: la letra pequeña que te interesa de verdad.,https://fiscalizarte.substack.com/p/clase-25-100-irpf-en-alquiler-la,"Si tienes un alquiler (o vas a renovar contrato), esto te interesa porque es una decisión que te afecta",Fila derivada directamente del consolidado 05; solo se ha normalizado tema/subtema y se ha evitado duplicado prácticamente idéntico.
RG-072,76,Gastos deducibles,gastos deducibles,"Distinguir correctamente gasto deducible, reparación o mejora según el criterio del post.","Distinguir correctamente gasto deducible, reparación o mejora según el criterio del post.",Útil para clasificar facturas y evitar errores ante Hacienda.,Alto,Alta,Sí,Factura detallada | Presupuesto | Fotos antes/después,Clasificar la factura afectada antes de meterla en renta.,¿Este gasto concreto encaja aquí o debería ir con otro tratamiento fiscal?,… esto es lo que te estás perdiendo...,https://fiscalizarte.substack.com/p/esto-es-lo-que-te-estas-perdiendo,"Para que lo tengas claro, aquí va una muestra de lo que está en preparación (y que solo verás si eres suscriptor premium):",Fila derivada directamente del consolidado 05; solo se ha normalizado tema/subtema y se ha evitado duplicado prácticamente idéntico.
RG-073,76,Riesgo Hacienda,riesgo de comprobación,"Conservar documentación probatoria suficiente para defender ingresos, gastos o criterio fiscal.","Conservar documentación probatoria suficiente para defender ingresos, gastos o criterio fiscal.",Sirve para blindar una futura comprobación.,Medio,Alta,No,Facturas | Contratos | Extractos bancarios,Guardar el soporte probatorio vinculado a este criterio.,¿Qué soporte adicional conviene conservar para defender este punto?,… esto es lo que te estás perdiendo...,https://fiscalizarte.substack.com/p/esto-es-lo-que-te-estas-perdiendo,"No es tan sencillo como aplicar el 3% sobre el valor catastral. Te explico los matices, cómo se calcula según el momento de adquisición y qué documentación es clave para no tener problemas con Hacienda.",Fila derivada directamente del consolidado 05; solo se ha normalizado tema/subtema y se ha evitado duplicado prácticamente idéntico.
RG-075,127,Prueba documental,facturas detalladas,"Conservar documentación probatoria suficiente para defender ingresos, gastos o criterio fiscal.","Conservar documentación probatoria suficiente para defender ingresos, gastos o criterio fiscal.",Sirve para blindar una futura comprobación.,Medio,Media,No,Facturas | Contratos | Extractos bancarios,Guardar el soporte probatorio vinculado a este criterio.,¿Qué soporte adicional conviene conservar para defender este punto?,#Clase 9: La Amortización Fiscal del Inmueble,https://fiscalizarte.substack.com/p/clase-9-la-amortizacion-fiscal-del,"sabe que se tiene que sumar notaría, registro, comisión inmobiliaria, comisión de personal shopper, si va con factura, todo eso se suma. Pues imaginaros que en vez de meter 30, que es lo que realmente me gasta, he metido 18. Pues que veáis que pierdo. Pierd",Fila derivada directamente del consolidado 05; solo se ha normalizado tema/subtema y se ha evitado duplicado prácticamente idéntico.
RG-077,6,Gastos deducibles,gastos deducibles,"Distinguir correctamente gasto deducible, reparación o mejora según el criterio del post.","Distinguir correctamente gasto deducible, reparación o mejora según el criterio del post.",Útil para clasificar facturas y evitar errores ante Hacienda.,Alto,Alta,Sí,Factura detallada | Presupuesto | Fotos antes/después,Clasificar la factura afectada antes de meterla en renta.,¿Este gasto concreto encaja aquí o debería ir con otro tratamiento fiscal?,#Clase 30: Clase BOMBA: así realizo una auditoría fiscal-patrimonial de un inversor de mi comunidad.,https://fiscalizarte.substack.com/p/clase-30-clase-bomba-asi-realizo,"dole la estrategia que considero que fiscalmente y en base a su objetivo es la más acorde y posibles pautas o mejoras. Ahora os compartiré también el informe para que lo podáis ver. Pero bueno, empezamos. En este caso se trata de un inversor que se llama F",Fila derivada directamente del consolidado 05; solo se ha normalizado tema/subtema y se ha evitado duplicado prácticamente idéntico.
RG-078,6,Suministros / comunidad / IBI / seguros,IBI,"Conservar documentación probatoria suficiente para defender ingresos, gastos o criterio fiscal.","Conservar documentación probatoria suficiente para defender ingresos, gastos o criterio fiscal.",Sirve para blindar una futura comprobación.,Medio,Media,No,Facturas | Contratos | Extractos bancarios,Guardar el soporte probatorio vinculado a este criterio.,¿Qué soporte adicional conviene conservar para defender este punto?,#Clase 30: Clase BOMBA: así realizo una auditoría fiscal-patrimonial de un inversor de mi comunidad.,https://fiscalizarte.substack.com/p/clase-30-clase-bomba-asi-realizo,El problema es estructurar bien para seguir creciendo sin comerte una factura fiscal innecesaria.,Fila derivada directamente del consolidado 05; solo se ha normalizado tema/subtema y se ha evitado duplicado prácticamente idéntico.
RG-079,188,Alquiler por habitaciones,habitaciones con distinta casuística,"Si el análisis afecta a IRPF frente a Impuesto sobre Sociedades, debe validarse con números reales y no con reglas generales.","Si el análisis afecta a IRPF frente a Impuesto sobre Sociedades, debe validarse con números reales y no con reglas generales.",Te ayuda a evitar decisiones por titulares y centrarte en el impacto fiscal real de tu alquiler.,Alto,Alta,Sí,Borrador renta | Escenario de tributación | Flujo de caja anual,Preparar comparativa numérica antes de valorar un cambio de estructura.,¿Qué diferencia fiscal real tendría en mi caso tributar este alquiler por habitaciones como persona física frente a sociedad?,¿Persona física o sociedad? La gran pregunta en inversión inmobiliaria,https://fiscalizarte.substack.com/p/persona-fisica-o-sociedad-la-gran,"ario, aquí está la diferencia clave: ¿Qué implica esto? Persona física : Pagas más impuestos (hasta el 47% de IRPF), pero lo que ganas está directamente en tu bolsillo. No tienes que lidiar con la gestión de una sociedad ni con sus obligaciones contables",Fila derivada directamente del consolidado 05; solo se ha normalizado tema/subtema y se ha evitado duplicado prácticamente idéntico.
RG-080,188,Gastos deducibles,gastos deducibles,"La elección de estructura puede afectar a deducciones, operativa y riesgos con Hacienda, por lo que no debe tratarse como una simple cuestión de tipo impositivo.","La elección de estructura puede afectar a deducciones, operativa y riesgos con Hacienda, por lo que no debe tratarse como una simple cuestión de tipo impositivo.","Útil para revisar no solo cuota fiscal, sino también complejidad, prueba documental y defensa ante Hacienda.",Alto,Alta,Sí,Contratos | Facturas | Criterios de imputación | Escenario operativo,Valorar estructura solo junto con obligaciones formales y riesgos de comprobación.,¿Qué riesgos prácticos y diferencias en gastos deducibles tendría mi caso si siguiera como persona física frente a una sociedad?,¿Persona física o sociedad? La gran pregunta en inversión inmobiliaria,https://fiscalizarte.substack.com/p/persona-fisica-o-sociedad-la-gran,"s Imagina que tienes 10 inmuebles que generan ingresos brutos de 72.000€ al año (7.200€ por inmueble). Tienes gastos deducibles como IBI, comunidad y seguros, que suman 12.760€ anuales en total. En este escenario, aquí está la diferencia clave: ¿Qué implica esto? Per",Fila derivada directamente del consolidado 05; solo se ha normalizado tema/subtema y se ha evitado duplicado prácticamente idéntico.
